,UCM
2020-09-01 00:00:00,2500068.1076799934
2020-09-01 01:00:00,2284596.196972598
2020-09-01 02:00:00,2269283.73734035
2020-09-01 03:00:00,2370779.703746032
2020-09-01 04:00:00,2524727.4804661847
2020-09-01 05:00:00,2714486.6963408156
2020-09-01 06:00:00,2986717.667269904
2020-09-01 07:00:00,3332901.2424383927
2020-09-01 08:00:00,3828083.599181958
2020-09-01 09:00:00,3918881.797201908
2020-09-01 10:00:00,3843228.316558912
2020-09-01 11:00:00,3799482.097523555
2020-09-01 12:00:00,3630202.4090968855
2020-09-01 13:00:00,3526245.847443456
2020-09-01 14:00:00,3673078.1513723163
2020-09-01 15:00:00,3840720.778784636
2020-09-01 16:00:00,4112584.604487565
2020-09-01 17:00:00,4410560.100690356
2020-09-01 18:00:00,4780436.806966567
2020-09-01 19:00:00,4975142.914361804
2020-09-01 20:00:00,5099724.5404611435
2020-09-01 21:00:00,4635080.220199842
2020-09-01 22:00:00,4080058.0471126996
2020-09-01 23:00:00,3482573.9925313923
2020-09-02 00:00:00,2942841.8405749514
2020-09-02 01:00:00,2613920.0047719963
2020-09-02 02:00:00,2489616.1655598124
2020-09-02 03:00:00,2494683.5823498094
2020-09-02 04:00:00,2570817.2550405813
2020-09-02 05:00:00,2706010.885170304
2020-09-02 06:00:00,2950350.181360708
2020-09-02 07:00:00,3297112.3457584376
2020-09-02 08:00:00,3820621.721175281
2020-09-02 09:00:00,3963350.235471129
2020-09-02 10:00:00,3955301.319261798
2020-09-02 11:00:00,3983741.299044173
2020-09-02 12:00:00,3878691.867102947
2020-09-02 13:00:00,3819554.562909311
2020-09-02 14:00:00,3984118.9305796544
2020-09-02 15:00:00,4140570.31162372
2020-09-02 16:00:00,4377041.374089718
2020-09-02 17:00:00,4625712.299113323
2020-09-02 18:00:00,4945664.112636154
2020-09-02 19:00:00,5102604.205996984
2020-09-02 20:00:00,5210348.162837688
2020-09-02 21:00:00,4752096.467671052
2020-09-02 22:00:00,4221882.425816501
2020-09-02 23:00:00,3657114.384987643
2020-09-03 00:00:00,3144956.743165481
2020-09-03 01:00:00,2826875.741650247
2020-09-03 02:00:00,2690222.535264922
2020-09-03 03:00:00,2660671.9201009925
2020-09-03 04:00:00,2688301.0503071034
2020-09-03 05:00:00,2774768.3938093935
2020-09-03 06:00:00,2985241.4061342194
2020-09-03 07:00:00,3325038.149734662
2020-09-03 08:00:00,3873738.0486472235
2020-09-03 09:00:00,4070381.569076214
2020-09-03 10:00:00,4133413.3571719457
2020-09-03 11:00:00,4233338.236506225
2020-09-03 12:00:00,4182711.0618990953
2020-09-03 13:00:00,4147561.06077238
2020-09-03 14:00:00,4300120.378293674
2020-09-03 15:00:00,4412384.256043707
2020-09-03 16:00:00,4584575.968970979
2020-09-03 17:00:00,4765813.8769582845
2020-09-03 18:00:00,5032163.159429213
2020-09-03 19:00:00,5161574.357051489
2020-09-03 20:00:00,5271978.644988489
2020-09-03 21:00:00,4841561.057026014
2020-09-03 22:00:00,4351877.831002209
2020-09-03 23:00:00,3824250.6751966183
2020-09-04 00:00:00,3331053.525090308
2020-09-04 01:00:00,3004779.4995222604
2020-09-04 02:00:00,2832433.2218860644
2020-09-04 03:00:00,2748238.3422960574
2020-09-04 04:00:00,2717356.2034370056
2020-09-04 05:00:00,2758752.0795591916
2020-09-04 06:00:00,2952099.313393517
2020-09-04 07:00:00,3310131.307325499
2020-09-04 08:00:00,3910424.809770793
2020-09-04 09:00:00,4180893.2537552845
2020-09-04 10:00:00,4322550.550538823
2020-09-04 11:00:00,4486704.370622014
2020-09-04 12:00:00,4469916.976571893
2020-09-04 13:00:00,4429454.802263824
2020-09-04 14:00:00,4538016.78541528
2020-09-04 15:00:00,4576789.144649195
2020-09-04 16:00:00,4661138.597841727
2020-09-04 17:00:00,4757105.694432615
2020-09-04 18:00:00,4955098.743653511
2020-09-04 19:00:00,5041496.720276697
2020-09-04 20:00:00,5135277.8290937785
2020-09-04 21:00:00,4708954.33842248
2020-09-04 22:00:00,4234107.688879285
2020-09-04 23:00:00,3721099.0005560303
2020-09-05 00:00:00,3233512.487599199
2020-09-05 01:00:00,2899293.4101463766
2020-09-05 02:00:00,2705607.7565603415
2020-09-05 03:00:00,2590440.4464771254
2020-09-05 04:00:00,2524159.867161559
2020-09-05 05:00:00,2530023.696224673
2020-09-05 06:00:00,2689372.68954556
2020-09-05 07:00:00,3013511.8131035627
2020-09-05 08:00:00,3576395.275750322
2020-09-05 09:00:00,3802036.296847399
2020-09-05 10:00:00,3889481.798098602
2020-09-05 11:00:00,3991676.945089824
2020-09-05 12:00:00,3910895.5518220547
2020-09-05 13:00:00,3813197.13538338
2020-09-05 14:00:00,3880939.4634043016
2020-09-05 15:00:00,3903064.8857106264
2020-09-05 16:00:00,3998362.4514225717
2020-09-05 17:00:00,4130686.969063383
2020-09-05 18:00:00,4383010.222280019
2020-09-05 19:00:00,4530973.761327985
2020-09-05 20:00:00,4682500.927122072
2020-09-05 21:00:00,4301832.014897705
2020-09-05 22:00:00,3857285.6433649766
2020-09-05 23:00:00,3361573.375266507
2020-09-06 00:00:00,2884970.4488474415
2020-09-06 01:00:00,2563645.419275352
2020-09-06 02:00:00,2391030.072393487
2020-09-06 03:00:00,2306365.6562497527
2020-09-06 04:00:00,2274696.7846501106
2020-09-06 05:00:00,2307925.108124815
2020-09-06 06:00:00,2472682.1653339495
2020-09-06 07:00:00,2766374.311413028
2020-09-06 08:00:00,3254375.1733207563
2020-09-06 09:00:00,3360970.610534135
2020-09-06 10:00:00,3295788.829491051
2020-09-06 11:00:00,3231474.622006008
2020-09-06 12:00:00,2995442.757590665
2020-09-06 13:00:00,2779031.843439633
2020-09-06 14:00:00,2784422.907329252
2020-09-06 15:00:00,2810485.259228812
2020-09-06 16:00:00,2973904.5142937778
2020-09-06 17:00:00,3225116.577100105
2020-09-06 18:00:00,3625709.438465879
2020-09-06 19:00:00,3927060.929649814
2020-09-06 20:00:00,4215440.85681321
2020-09-06 21:00:00,3940558.3067424684
2020-09-06 22:00:00,3565798.4850862725
2020-09-06 23:00:00,3108515.29288178
2020-09-07 00:00:00,2650912.320274172
2020-09-07 01:00:00,2344627.1013733083
2020-09-07 02:00:00,2198024.3321980773
2020-09-07 03:00:00,2161426.0848788307
2020-09-07 04:00:00,2205297.1416781354
2020-09-07 05:00:00,2341211.306306908
2020-09-07 06:00:00,2631027.909047805
2020-09-07 07:00:00,3064918.2589286333
2020-09-07 08:00:00,3700395.5552074495
2020-09-07 09:00:00,3954316.507196284
2020-09-07 10:00:00,4029351.9832162703
2020-09-07 11:00:00,4090919.333759167
2020-09-07 12:00:00,3958011.800191862
2020-09-07 13:00:00,3811976.2419469585
2020-09-07 14:00:00,3844171.109511554
2020-09-07 15:00:00,3843826.1054289076
2020-09-07 16:00:00,3922094.5127813886
2020-09-07 17:00:00,4030999.9005527124
2020-09-07 18:00:00,4242890.81798307
2020-09-07 19:00:00,4329230.126358182
2020-09-07 20:00:00,4403443.806816742
2020-09-07 21:00:00,3944966.5116633065
2020-09-07 22:00:00,3443579.4836852574
2020-09-07 23:00:00,2933776.4830265455
2020-09-08 00:00:00,2501230.0970372465
2020-09-08 01:00:00,2285758.186329852
2020-09-08 02:00:00,2270445.726697605
2020-09-08 03:00:00,2371941.693103288
2020-09-08 04:00:00,2525889.46982344
2020-09-08 05:00:00,2715648.6856980724
2020-09-08 06:00:00,2987879.6566271624
2020-09-08 07:00:00,3334063.2317956514
2020-09-08 08:00:00,3829245.588539218
2020-09-08 09:00:00,3920043.7865591696
2020-09-08 10:00:00,3844390.3059161752
2020-09-08 11:00:00,3800644.0868808213
2020-09-08 12:00:00,3631364.398454154
2020-09-08 13:00:00,3527407.8368007243
2020-09-08 14:00:00,3674240.1407295847
2020-09-08 15:00:00,3841882.768141905
2020-09-08 16:00:00,4113746.593844833
2020-09-08 17:00:00,4411722.090047623
2020-09-08 18:00:00,4781598.796323829
2020-09-08 19:00:00,4976304.903719064
2020-09-08 20:00:00,5100886.529818401
2020-09-08 21:00:00,4636242.2095570965
2020-09-08 22:00:00,4081220.036469953
2020-09-08 23:00:00,3483735.9818886444
2020-09-09 00:00:00,2944003.8299322026
2020-09-09 01:00:00,2615081.9941292475
2020-09-09 02:00:00,2490778.1549170646
2020-09-09 03:00:00,2495845.5717070606
2020-09-09 04:00:00,2571979.244397832
2020-09-09 05:00:00,2707172.874527556
2020-09-09 06:00:00,2951512.1707179607
2020-09-09 07:00:00,3298274.335115691
2020-09-09 08:00:00,3821783.7105325367
2020-09-09 09:00:00,3964512.224828386
2020-09-09 10:00:00,3956463.3086190578
2020-09-09 11:00:00,3984903.288401434
2020-09-09 12:00:00,3879853.856460209
2020-09-09 13:00:00,3820716.5522665754
2020-09-09 14:00:00,3985280.9199369177
2020-09-09 15:00:00,4141732.3009809833
2020-09-09 16:00:00,4378203.36344698
2020-09-09 17:00:00,4626874.288470581
2020-09-09 18:00:00,4946826.101993412
2020-09-09 19:00:00,5103766.195354239
2020-09-09 20:00:00,5211510.152194942
2020-09-09 21:00:00,4753258.457028304
2020-09-09 22:00:00,4223044.415173753
2020-09-09 23:00:00,3658276.374344894
2020-09-10 00:00:00,3146118.732522732
2020-09-10 01:00:00,2828037.7310074978
2020-09-10 02:00:00,2691384.524622173
2020-09-10 03:00:00,2661833.9094582438
2020-09-10 04:00:00,2689463.0396643556
2020-09-10 05:00:00,2775930.383166646
2020-09-10 06:00:00,2986403.3954914743
2020-09-10 07:00:00,3326200.1390919173
2020-09-10 08:00:00,3874900.03800448
2020-09-10 09:00:00,4071543.5584334726
2020-09-10 10:00:00,4134575.3465292063
2020-09-10 11:00:00,4234500.225863486
2020-09-10 12:00:00,4183873.051256355
2020-09-10 13:00:00,4148723.0501296404
2020-09-10 14:00:00,4301282.367650935
2020-09-10 15:00:00,4413546.245400965
2020-09-10 16:00:00,4585737.958328237
2020-09-10 17:00:00,4766975.866315542
2020-09-10 18:00:00,5033325.148786469
2020-09-10 19:00:00,5162736.346408744
2020-09-10 20:00:00,5273140.634345743
2020-09-10 21:00:00,4842723.046383266
2020-09-10 22:00:00,4353039.820359461
2020-09-10 23:00:00,3825412.6645538686
2020-09-11 00:00:00,3332215.5144475573
2020-09-11 01:00:00,3005941.4888795097
2020-09-11 02:00:00,2833595.2112433137
2020-09-11 03:00:00,2749400.3316533067
2020-09-11 04:00:00,2718518.192794257
2020-09-11 05:00:00,2759914.0689164437
2020-09-11 06:00:00,2953261.302750771
2020-09-11 07:00:00,3311293.296682755
2020-09-11 08:00:00,3911586.799128052
2020-09-11 09:00:00,4182055.243112545
2020-09-11 10:00:00,4323712.539896085
2020-09-11 11:00:00,4487866.359979276
2020-09-11 12:00:00,4471078.965929155
2020-09-11 13:00:00,4430616.791621086
2020-09-11 14:00:00,4539178.7747725425
2020-09-11 15:00:00,4577951.134006457
2020-09-11 16:00:00,4662300.587198988
2020-09-11 17:00:00,4758267.683789875
2020-09-11 18:00:00,4956260.733010771
2020-09-11 19:00:00,5042658.709633956
2020-09-11 20:00:00,5136439.818451037
2020-09-11 21:00:00,4710116.327779735
2020-09-11 22:00:00,4235269.67823654
2020-09-11 23:00:00,3722260.9899132843
2020-09-12 00:00:00,3234674.476956452
2020-09-12 01:00:00,2900455.399503629
2020-09-12 02:00:00,2706769.7459175936
2020-09-12 03:00:00,2591602.4358343785
2020-09-12 04:00:00,2525321.856518814
2020-09-12 05:00:00,2531185.685581929
2020-09-12 06:00:00,2690534.6789028184
2020-09-12 07:00:00,3014673.8024608227
2020-09-12 08:00:00,3577557.2651075833
2020-09-12 09:00:00,3803198.286204661
2020-09-12 10:00:00,3890643.7874558647
2020-09-12 11:00:00,3992838.9344470873
2020-09-12 12:00:00,3912057.5411793175
2020-09-12 13:00:00,3814359.124740644
2020-09-12 14:00:00,3882101.452761566
2020-09-12 15:00:00,3904226.8750678906
2020-09-12 16:00:00,3999524.4407798355
2020-09-12 17:00:00,4131848.9584206473
2020-09-12 18:00:00,4384172.211637282
2020-09-12 19:00:00,4532135.750685247
2020-09-12 20:00:00,4683662.916479333
2020-09-12 21:00:00,4302994.004254965
2020-09-12 22:00:00,3858447.6327222358
2020-09-12 23:00:00,3362735.3646237655
2020-09-13 00:00:00,2886132.4382046983
2020-09-13 01:00:00,2564807.408632609
2020-09-13 02:00:00,2392192.0617507445
2020-09-13 03:00:00,2307527.6456070095
2020-09-13 04:00:00,2275858.774007369
2020-09-13 05:00:00,2309087.097482074
2020-09-13 06:00:00,2473844.15469121
2020-09-13 07:00:00,2767536.3007702907
2020-09-13 08:00:00,3255537.162678018
2020-09-13 09:00:00,3362132.5998913986
2020-09-13 10:00:00,3296950.818848315
2020-09-13 11:00:00,3232636.611363273
2020-09-13 12:00:00,2996604.746947931
2020-09-13 13:00:00,2780193.8327968996
2020-09-13 14:00:00,2785584.8966865195
2020-09-13 15:00:00,2811647.248586079
2020-09-13 16:00:00,2975066.5036510443
2020-09-13 17:00:00,3226278.566457372
2020-09-13 18:00:00,3626871.427823145
2020-09-13 19:00:00,3928222.9190070783
2020-09-13 20:00:00,4216602.846170473
2020-09-13 21:00:00,3941720.296099729
2020-09-13 22:00:00,3566960.4744435307
2020-09-13 23:00:00,3109677.282239039
2020-09-14 00:00:00,2652074.3096314296
2020-09-14 01:00:00,2345789.090730566
2020-09-14 02:00:00,2199186.321555336
2020-09-14 03:00:00,2162588.07423609
2020-09-14 04:00:00,2206459.131035395
2020-09-14 05:00:00,2342373.2956641684
2020-09-14 06:00:00,2632189.8984050667
2020-09-14 07:00:00,3066080.248285897
2020-09-14 08:00:00,3701557.5445647133
2020-09-14 09:00:00,3955478.4965535495
2020-09-14 10:00:00,4030513.972573537
2020-09-14 11:00:00,4092081.3231164347
2020-09-14 12:00:00,3959173.7895491295
2020-09-14 13:00:00,3813138.231304227
2020-09-14 14:00:00,3845333.0988688227
2020-09-14 15:00:00,3844988.0947861755
2020-09-14 16:00:00,3923256.5021386556
2020-09-14 17:00:00,4032161.8899099776
2020-09-14 18:00:00,4244052.807340334
2020-09-14 19:00:00,4330392.115715443
2020-09-14 20:00:00,4404605.796174001
2020-09-14 21:00:00,3946128.5010205638
2020-09-14 22:00:00,3444741.4730425137
2020-09-14 23:00:00,2934938.4723838023
2020-09-15 00:00:00,2502392.086394502
2020-09-15 01:00:00,2286920.1756871077
2020-09-15 02:00:00,2271607.716054861
2020-09-15 03:00:00,2373103.6824605437
2020-09-15 04:00:00,2527051.4591806973
2020-09-15 05:00:00,2716810.67505533
2020-09-15 06:00:00,2989041.645984422
2020-09-15 07:00:00,3335225.221152913
2020-09-15 08:00:00,3830407.5778964804
2020-09-15 09:00:00,3921205.7759164334
2020-09-15 10:00:00,3845552.2952734404
2020-09-15 11:00:00,3801806.076238087
2020-09-15 12:00:00,3632526.38781142
2020-09-15 13:00:00,3528569.8261579922
2020-09-15 14:00:00,3675402.130086853
2020-09-15 15:00:00,3843044.757499172
2020-09-15 16:00:00,4114908.583202099
2020-09-15 17:00:00,4412884.079404887
2020-09-15 18:00:00,4782760.785681091
2020-09-15 19:00:00,4977466.893076323
2020-09-15 20:00:00,5102048.519175659
2020-09-15 21:00:00,4637404.198914353
2020-09-15 22:00:00,4082382.0258272076
2020-09-15 23:00:00,3484897.9712458975
2020-09-16 00:00:00,2945165.819289455
2020-09-16 01:00:00,2616243.9834864996
2020-09-16 02:00:00,2491940.1442743167
2020-09-16 03:00:00,2497007.561064313
2020-09-16 04:00:00,2573141.2337550856
2020-09-16 05:00:00,2708334.8638848094
2020-09-16 06:00:00,2952674.160075215
2020-09-16 07:00:00,3299436.324472948
2020-09-16 08:00:00,3822945.6998897945
2020-09-16 09:00:00,3965674.2141856453
2020-09-16 10:00:00,3957625.2979763187
2020-09-16 11:00:00,3986065.2777586966
2020-09-16 12:00:00,3881015.8458174714
2020-09-16 13:00:00,3821878.541623839
2020-09-16 14:00:00,3986442.909294181
2020-09-16 15:00:00,4142894.2903382448
2020-09-16 16:00:00,4379365.352804238
2020-09-16 17:00:00,4628036.27782784
2020-09-16 18:00:00,4947988.091350668
2020-09-16 19:00:00,5104928.184711494
2020-09-16 20:00:00,5212672.141552197
2020-09-16 21:00:00,4754420.446385556
2020-09-16 22:00:00,4224206.404531005
2020-09-16 23:00:00,3659438.363702146
2020-09-17 00:00:00,3147280.7218799833
2020-09-17 01:00:00,2829199.7203647494
2020-09-17 02:00:00,2692546.513979424
2020-09-17 03:00:00,2662995.898815496
2020-09-17 04:00:00,2690625.0290216086
2020-09-17 05:00:00,2777092.3725239
2020-09-17 06:00:00,2987565.3848487292
2020-09-17 07:00:00,3327362.128449174
2020-09-17 08:00:00,3876062.027361738
2020-09-17 09:00:00,4072705.5477907313
2020-09-17 10:00:00,4135737.335886466
2020-09-17 11:00:00,4235662.215220747
2020-09-17 12:00:00,4185035.0406136164
2020-09-17 13:00:00,4149885.039486901
2020-09-17 14:00:00,4302444.357008195
2020-09-17 15:00:00,4414708.234758225
2020-09-17 16:00:00,4586899.947685494
2020-09-17 17:00:00,4768137.855672796
2020-09-17 18:00:00,5034487.138143723
2020-09-17 19:00:00,5163898.335765998
2020-09-17 20:00:00,5274302.6237029955
2020-09-17 21:00:00,4843885.035740518
2020-09-17 22:00:00,4354201.809716711
2020-09-17 23:00:00,3826574.6539111184
2020-09-18 00:00:00,3333377.5038048076
2020-09-18 01:00:00,3007103.4782367586
2020-09-18 02:00:00,2834757.2006005635
2020-09-18 03:00:00,2750562.3210105575
2020-09-18 04:00:00,2719680.182151509
2020-09-18 05:00:00,2761076.0582736973
2020-09-18 06:00:00,2954423.2921080254
2020-09-18 07:00:00,3312455.2860400123
2020-09-18 08:00:00,3912748.78848531
2020-09-18 09:00:00,4183217.232469805
2020-09-18 10:00:00,4324874.529253346
2020-09-18 11:00:00,4489028.3493365375
2020-09-18 12:00:00,4472240.955286419
2020-09-18 13:00:00,4431778.780978348
2020-09-18 14:00:00,4540340.764129804
2020-09-18 15:00:00,4579113.123363718
2020-09-18 16:00:00,4663462.576556249
2020-09-18 17:00:00,4759429.6731471345
2020-09-18 18:00:00,4957422.722368029
2020-09-18 19:00:00,5043820.698991213
2020-09-18 20:00:00,5137601.807808292
2020-09-18 21:00:00,4711278.31713699
2020-09-18 22:00:00,4236431.667593793
2020-09-18 23:00:00,3723422.9792705374
2020-09-19 00:00:00,3235836.4663137044
2020-09-19 01:00:00,2901617.388860881
2020-09-19 02:00:00,2707931.7352748457
2020-09-19 03:00:00,2592764.425191631
2020-09-19 04:00:00,2526483.845876068
2020-09-19 05:00:00,2532347.674939185
2020-09-19 06:00:00,2691696.668260074
2020-09-19 07:00:00,3015835.791818081
2020-09-19 08:00:00,3578719.254464843
2020-09-19 09:00:00,3804360.275561922
2020-09-19 10:00:00,3891805.776813127
2020-09-19 11:00:00,3994000.9238043507
2020-09-19 12:00:00,3913219.530536582
2020-09-19 13:00:00,3815521.1140979077
2020-09-19 14:00:00,3883263.4421188287
2020-09-19 15:00:00,3905388.864425155
2020-09-19 16:00:00,4000686.4301371006
2020-09-19 17:00:00,4133010.94777791
2020-09-19 18:00:00,4385334.200994546
2020-09-19 19:00:00,4533297.7400425095
2020-09-19 20:00:00,4684824.905836595
2020-09-19 21:00:00,4304155.993612224
2020-09-19 22:00:00,3859609.622079494
2020-09-19 23:00:00,3363897.3539810227
2020-09-20 00:00:00,2887294.427561955
2020-09-20 01:00:00,2565969.3979898645
2020-09-20 02:00:00,2393354.051108
2020-09-20 03:00:00,2308689.634964267
2020-09-20 04:00:00,2277020.763364627
2020-09-20 05:00:00,2310249.086839333
2020-09-20 06:00:00,2475006.14404847
2020-09-20 07:00:00,2768698.290127551
2020-09-20 08:00:00,3256699.1520352815
2020-09-20 09:00:00,3363294.5892486623
2020-09-20 10:00:00,3298112.8082055803
2020-09-20 11:00:00,3233798.600720539
2020-09-20 12:00:00,2997766.7363051977
2020-09-20 13:00:00,2781355.8221541666
2020-09-20 14:00:00,2786746.8860437865
2020-09-20 15:00:00,2812809.2379433466
2020-09-20 16:00:00,2976228.4930083123
2020-09-20 17:00:00,3227440.5558146383
2020-09-20 18:00:00,3628033.4171804106
2020-09-20 19:00:00,3929384.908364342
2020-09-20 20:00:00,4217764.835527735
2020-09-20 21:00:00,3942882.28545699
2020-09-20 22:00:00,3568122.46380079
2020-09-20 23:00:00,3110839.2715962967
2020-09-21 00:00:00,2653236.2989886873
2020-09-21 01:00:00,2346951.0800878224
2020-09-21 02:00:00,2200348.3109125933
2020-09-21 03:00:00,2163750.0635933485
2020-09-21 04:00:00,2207621.120392655
2020-09-21 05:00:00,2343535.2850214294
2020-09-21 06:00:00,2633351.8877623286
2020-09-21 07:00:00,3067242.23764316
2020-09-21 08:00:00,3702719.533921979
2020-09-21 09:00:00,3956640.4859108157
2020-09-21 10:00:00,4031675.9619308044
2020-09-21 11:00:00,4093243.3124737036
2020-09-21 12:00:00,3960335.7789064
2020-09-21 13:00:00,3814300.220661497
2020-09-21 14:00:00,3846495.088226092
2020-09-21 15:00:00,3846150.084143445
2020-09-21 16:00:00,3924418.491495924
2020-09-21 17:00:00,4033323.8792672437
2020-09-21 18:00:00,4245214.796697597
2020-09-21 19:00:00,4331554.105072704
2020-09-21 20:00:00,4405767.785531261
2020-09-21 21:00:00,3947290.4903778215
2020-09-21 22:00:00,3445903.46239977
2020-09-21 23:00:00,2936100.4617410568
2020-09-22 00:00:00,2503554.0757517563
2020-09-22 01:00:00,2288082.1650443617
2020-09-22 02:00:00,2272769.705412116
2020-09-22 03:00:00,2374265.671817799
2020-09-22 04:00:00,2528213.4485379546
2020-09-22 05:00:00,2717972.6644125883
2020-09-22 06:00:00,2990203.6353416806
2020-09-22 07:00:00,3336387.2105101724
2020-09-22 08:00:00,3831569.567253742
2020-09-22 09:00:00,3922367.7652736967
2020-09-22 10:00:00,3846714.284630706
2020-09-22 11:00:00,3802968.065595354
2020-09-22 12:00:00,3633688.3771686885
2020-09-22 13:00:00,3529731.8155152607
2020-09-22 14:00:00,3676564.119444121
2020-09-22 15:00:00,3844206.74685644
2020-09-22 16:00:00,4116070.572559366
2020-09-22 17:00:00,4414046.0687621515
2020-09-22 18:00:00,4783922.775038354
2020-09-22 19:00:00,4978628.882433583
2020-09-22 20:00:00,5103210.508532916
2020-09-22 21:00:00,4638566.188271608
2020-09-22 22:00:00,4083544.0151844616
2020-09-22 23:00:00,3486059.9606031505
2020-09-23 00:00:00,2946327.808646708
2020-09-23 01:00:00,2617405.972843752
2020-09-23 02:00:00,2493102.133631567
2020-09-23 03:00:00,2498169.5504215644
2020-09-23 04:00:00,2574303.2231123378
2020-09-23 05:00:00,2709496.853242062
2020-09-23 06:00:00,2953836.149432469
2020-09-23 07:00:00,3300598.313830203
2020-09-23 08:00:00,3824107.6892470517
2020-09-23 09:00:00,3966836.203542906
2020-09-23 10:00:00,3958787.2873335807
2020-09-23 11:00:00,3987227.26711596
2020-09-23 12:00:00,3882177.8351747366
2020-09-23 13:00:00,3823040.5309811034
2020-09-23 14:00:00,3987604.8986514444
2020-09-23 15:00:00,4144056.2796955085
2020-09-23 16:00:00,4380527.3421615
2020-09-23 17:00:00,4629198.2671850985
2020-09-23 18:00:00,4949150.080707924
2020-09-23 19:00:00,5106090.17406875
2020-09-23 20:00:00,5213834.13090945
2020-09-23 21:00:00,4755582.4357428085
2020-09-23 22:00:00,4225368.3938882565
2020-09-23 23:00:00,3660600.353059397
2020-09-24 00:00:00,3148442.711237235
2020-09-24 01:00:00,2830361.7097220006
2020-09-24 02:00:00,2693708.503336676
2020-09-24 03:00:00,2664157.888172749
2020-09-24 04:00:00,2691787.018378863
2020-09-24 05:00:00,2778254.361881155
2020-09-24 06:00:00,2988727.374205984
2020-09-24 07:00:00,3328524.117806431
2020-09-24 08:00:00,3877224.0167189967
2020-09-24 09:00:00,4073867.537147991
2020-09-24 10:00:00,4136899.3252437264
2020-09-24 11:00:00,4236824.204578007
2020-09-24 12:00:00,4186197.0299708783
2020-09-24 13:00:00,4151047.028844162
2020-09-24 14:00:00,4303606.346365454
2020-09-24 15:00:00,4415870.2241154825
2020-09-24 16:00:00,4588061.937042751
2020-09-24 17:00:00,4769299.845030052
2020-09-24 18:00:00,5035649.127500978
2020-09-24 19:00:00,5165060.32512325
2020-09-24 20:00:00,5275464.613060248
2020-09-24 21:00:00,4845047.02509777
2020-09-24 22:00:00,4355363.7990739625
2020-09-24 23:00:00,3827736.643268369
2020-09-25 00:00:00,3334539.4931620574
2020-09-25 01:00:00,3008265.4675940084
2020-09-25 02:00:00,2835919.189957813
2020-09-25 03:00:00,2751724.3103678087
2020-09-25 04:00:00,2720842.1715087616
2020-09-25 05:00:00,2762238.047630951
2020-09-25 06:00:00,2955585.281465281
2020-09-25 07:00:00,3313617.275397269
2020-09-25 08:00:00,3913910.7778425696
2020-09-25 09:00:00,4184379.2218270656
2020-09-25 10:00:00,4326036.518610608
2020-09-25 11:00:00,4490190.3386938
2020-09-25 12:00:00,4473402.944643681
2020-09-25 13:00:00,4432940.770335611
2020-09-25 14:00:00,4541502.753487066
2020-09-25 15:00:00,4580275.11272098
2020-09-25 16:00:00,4664624.565913509
2020-09-25 17:00:00,4760591.662504395
2020-09-25 18:00:00,4958584.711725287
2020-09-25 19:00:00,5044982.68834847
2020-09-25 20:00:00,5138763.797165548
2020-09-25 21:00:00,4712440.306494245
2020-09-25 22:00:00,4237593.656951047
2020-09-25 23:00:00,3724584.9686277905
2020-09-26 00:00:00,3236998.455670957
2020-09-26 01:00:00,2902779.3782181335
2020-09-26 02:00:00,2709093.7246320983
2020-09-26 03:00:00,2593926.414548884
2020-09-26 04:00:00,2527645.835233323
2020-09-26 05:00:00,2533509.664296441
2020-09-26 06:00:00,2692858.657617332
2020-09-26 07:00:00,3016997.781175339
2020-09-26 08:00:00,3579881.243822103
2020-09-26 09:00:00,3805522.2649191823
2020-09-26 10:00:00,3892967.766170388
2020-09-26 11:00:00,3995162.9131616117
2020-09-26 12:00:00,3914381.5198938446
2020-09-26 13:00:00,3816683.1034551687
2020-09-26 14:00:00,3884425.431476091
2020-09-26 15:00:00,3906550.8537824173
2020-09-26 16:00:00,4001848.4194943625
2020-09-26 17:00:00,4134172.937135172
2020-09-26 18:00:00,4386496.1903518075
2020-09-26 19:00:00,4534459.729399772
2020-09-26 20:00:00,4685986.895193856
2020-09-26 21:00:00,4305317.982969485
2020-09-26 22:00:00,3860771.6114367535
2020-09-26 23:00:00,3365059.343338282
2020-09-27 00:00:00,2888456.416919213
2020-09-27 01:00:00,2567131.3873471227
2020-09-27 02:00:00,2394516.0404652576
2020-09-27 03:00:00,2309851.624321525
2020-09-27 04:00:00,2278182.7527218866
2020-09-27 05:00:00,2311411.0761965923
2020-09-27 06:00:00,2476168.13340573
2020-09-27 07:00:00,2769860.2794848117
2020-09-27 08:00:00,3257861.141392544
2020-09-27 09:00:00,3364456.578605924
2020-09-27 10:00:00,3299274.7975628427
2020-09-27 11:00:00,3234960.5900778016
2020-09-27 12:00:00,2998928.725662461
2020-09-27 13:00:00,2782517.81151143
2020-09-27 14:00:00,2787908.8754010512
2020-09-27 15:00:00,2813971.2273006113
2020-09-27 16:00:00,2977390.482365577
2020-09-27 17:00:00,3228602.545171902
2020-09-27 18:00:00,3629195.4065376744
2020-09-27 19:00:00,3930546.8977216063
2020-09-27 20:00:00,4218926.824884998
2020-09-27 21:00:00,3944044.2748142523
2020-09-27 22:00:00,3569284.4531580512
2020-09-27 23:00:00,3112001.260953557
2020-09-28 00:00:00,2654398.288345947
2020-09-28 01:00:00,2348113.0694450825
2020-09-28 02:00:00,2201510.3002698533
2020-09-28 03:00:00,2164912.0529506085
2020-09-28 04:00:00,2208783.109749917
2020-09-28 05:00:00,2344697.274378691
2020-09-28 06:00:00,2634513.8771195915
2020-09-28 07:00:00,3068404.2270004232
2020-09-28 08:00:00,3703881.523279242
2020-09-28 09:00:00,3957802.4752680794
2020-09-28 10:00:00,4032837.9512880687
2020-09-28 11:00:00,4094405.301830968
2020-09-28 12:00:00,3961497.7682636655
2020-09-28 13:00:00,3815462.210018762
2020-09-28 14:00:00,3847657.077583357
2020-09-28 15:00:00,3847312.07350071
2020-09-28 16:00:00,3925580.4808531883
2020-09-28 17:00:00,4034485.868624507
2020-09-28 18:00:00,4246376.786054861
2020-09-28 19:00:00,4332716.094429966
2020-09-28 20:00:00,4406929.774888521
2020-09-28 21:00:00,3948452.4797350806
2020-09-28 22:00:00,3447065.4517570296
2020-09-28 23:00:00,2937262.4510983163
2020-09-29 00:00:00,2504716.0651090154
2020-09-29 01:00:00,2289244.154401621
2020-09-29 02:00:00,2273931.6947693755
2020-09-29 03:00:00,2375427.661175059
2020-09-29 04:00:00,2529375.4378952147
2020-09-29 05:00:00,2719134.653769848
2020-09-29 06:00:00,2991365.6246989407
2020-09-29 07:00:00,3337549.1998674334
2020-09-29 08:00:00,3832731.5566110034
2020-09-29 09:00:00,3923529.754630958
2020-09-29 10:00:00,3847876.2739879685
2020-09-29 11:00:00,3804130.054952617
2020-09-29 12:00:00,3634850.366525953
2020-09-29 13:00:00,3530893.8048725245
2020-09-29 14:00:00,3677726.1088013854
2020-09-29 15:00:00,3845368.736213703
2020-09-29 16:00:00,4117232.561916629
2020-09-29 17:00:00,4415208.058119413
2020-09-29 18:00:00,4785084.764395616
2020-09-29 19:00:00,4979790.871790845
2020-09-29 20:00:00,5104372.497890175
2020-09-29 21:00:00,4639728.177628868
2020-09-29 22:00:00,4084706.0045417207
2020-09-29 23:00:00,3487221.9499604087
2020-09-30 00:00:00,2947489.798003966
2020-09-30 01:00:00,2618567.96220101
2020-09-30 02:00:00,2494264.1229888257
2020-09-30 03:00:00,2499331.539778821
2020-09-30 04:00:00,2575465.212469595
2020-09-30 05:00:00,2710658.842599319
2020-09-30 06:00:00,2954998.1387897255
2020-09-30 07:00:00,3301760.3031874597
2020-09-30 08:00:00,3825269.6786043085
2020-09-30 09:00:00,3967998.192900162
2020-09-30 10:00:00,3959949.2766908384
2020-09-30 11:00:00,3988389.256473218
2020-09-30 12:00:00,3883339.824531995
2020-09-30 13:00:00,3824202.52033836
2020-09-30 14:00:00,3988766.888008702
2020-09-30 15:00:00,4145218.2690527653
2020-09-30 16:00:00,4381689.331518757
2020-09-30 17:00:00,4630360.256542355
2020-09-30 18:00:00,4950312.070065182
2020-09-30 19:00:00,5107252.163426005
2020-09-30 20:00:00,5214996.120266706
2020-09-30 21:00:00,4756744.425100065
2020-09-30 22:00:00,4226530.383245514
2020-09-30 23:00:00,3661762.3424166543
2020-10-01 00:00:00,3149604.700594493
2020-10-01 01:00:00,2831523.6990792593
2020-10-01 02:00:00,2694870.492693935
2020-10-01 03:00:00,2665319.8775300067
2020-10-01 04:00:00,2692949.007736121
2020-10-01 05:00:00,2779416.3512384123
2020-10-01 06:00:00,2989889.3635632424
2020-10-01 07:00:00,3329686.1071636886
2020-10-01 08:00:00,3878386.006076254
2020-10-01 09:00:00,4075029.5265052477
2020-10-01 10:00:00,4138061.314600983
2020-10-01 11:00:00,4237986.193935264
2020-10-01 12:00:00,4187359.019328134
2020-10-01 13:00:00,4152209.018201416
2020-10-01 14:00:00,4304768.335722708
2020-10-01 15:00:00,4417032.213472737
2020-10-01 16:00:00,4589223.926400006
2020-10-01 17:00:00,4770461.834387305
2020-10-01 18:00:00,5036811.116858232
2020-10-01 19:00:00,5166222.314480504
2020-10-01 20:00:00,5276626.602417503
2020-10-01 21:00:00,4846209.014455024
2020-10-01 22:00:00,4356525.788431217
2020-10-01 23:00:00,3828898.6326256245
2020-10-02 00:00:00,3335701.4825193128
2020-10-02 01:00:00,3009427.456951264
2020-10-02 02:00:00,2837081.179315069
2020-10-02 03:00:00,2752886.2997250645
2020-10-02 04:00:00,2722004.1608660175
2020-10-02 05:00:00,2763400.036988207
2020-10-02 06:00:00,2956747.270822538
2020-10-02 07:00:00,3314779.2647545272
2020-10-02 08:00:00,3915072.7671998274
2020-10-02 09:00:00,4185541.2111843233
2020-10-02 10:00:00,4327198.507967866
2020-10-02 11:00:00,4491352.328051058
2020-10-02 12:00:00,4474564.934000939
2020-10-02 13:00:00,4434102.759692868
2020-10-02 14:00:00,4542664.742844324
2020-10-02 15:00:00,4581437.102078237
2020-10-02 16:00:00,4665786.555270765
2020-10-02 17:00:00,4761753.65186165
2020-10-02 18:00:00,4959746.701082544
2020-10-02 19:00:00,5046144.677705728
2020-10-02 20:00:00,5139925.786522806
2020-10-02 21:00:00,4713602.2958515035
2020-10-02 22:00:00,4238755.646308306
2020-10-02 23:00:00,3725746.9579850477
2020-10-03 00:00:00,3238160.4450282142
2020-10-03 01:00:00,2903941.3675753903
2020-10-03 02:00:00,2710255.713989355
2020-10-03 03:00:00,2595088.403906142
2020-10-03 04:00:00,2528807.82459058
2020-10-03 05:00:00,2534671.6536536985
2020-10-03 06:00:00,2694020.6469745897
2020-10-03 07:00:00,3018159.7705325983
2020-10-03 08:00:00,3581043.2331793616
2020-10-03 09:00:00,3806684.25427644
2020-10-03 10:00:00,3894129.7555276463
2020-10-03 11:00:00,3996324.9025188694
2020-10-03 12:00:00,3915543.5092511014
2020-10-03 13:00:00,3817845.0928124264
2020-10-03 14:00:00,3885587.4208333488
2020-10-03 15:00:00,3907712.843139676
2020-10-03 16:00:00,4003010.4088516226
2020-10-03 17:00:00,4135334.9264924326
2020-10-03 18:00:00,4387658.1797090685
2020-10-03 19:00:00,4535621.718757033
2020-10-03 20:00:00,4687148.88455112
2020-10-03 21:00:00,4306479.972326748
2020-10-03 22:00:00,3861933.600794016
2020-10-03 23:00:00,3366221.3326955433
2020-10-04 00:00:00,2889618.406276475
2020-10-04 01:00:00,2568293.3767043836
2020-10-04 02:00:00,2395678.029822518
2020-10-04 03:00:00,2311013.613678786
2020-10-04 04:00:00,2279344.742079148
2020-10-04 05:00:00,2312573.0655538533
2020-10-04 06:00:00,2477330.122762991
2020-10-04 07:00:00,2771022.2688420736
2020-10-04 08:00:00,3259023.1307498044
2020-10-04 09:00:00,3365618.5679631843
2020-10-04 10:00:00,3300436.7869201023
2020-10-04 11:00:00,3236122.579435061
2020-10-04 12:00:00,3000090.7150197215
2020-10-04 13:00:00,2783679.80086869
2020-10-04 14:00:00,2789070.864758312
2020-10-04 15:00:00,2815133.2166578732
2020-10-04 16:00:00,2978552.4717228394
2020-10-04 17:00:00,3229764.5345291654
2020-10-04 18:00:00,3630357.3958949377
2020-10-04 19:00:00,3931708.887078869
2020-10-04 20:00:00,4220088.8142422605
2020-10-04 21:00:00,3945206.2641715147
2020-10-04 22:00:00,3570446.4425153136
2020-10-04 23:00:00,3113163.250310819
2020-10-05 00:00:00,2655560.2777032093
2020-10-05 01:00:00,2349275.0588023453
2020-10-05 02:00:00,2202672.289627116
2020-10-05 03:00:00,2166074.0423078714
2020-10-05 04:00:00,2209945.0991071793
2020-10-05 05:00:00,2345859.263735954
2020-10-05 06:00:00,2635675.8664768543
2020-10-05 07:00:00,3069566.2163576866
2020-10-05 08:00:00,3705043.512636505
2020-10-05 09:00:00,3958964.4646253414
2020-10-05 10:00:00,4033999.9406453306
2020-10-05 11:00:00,4095567.2911882303
2020-10-05 12:00:00,3962659.757620928
2020-10-05 13:00:00,3816624.199376025
2020-10-05 14:00:00,3848819.0669406205
2020-10-05 15:00:00,3848474.0628579734
2020-10-05 16:00:00,3926742.470210451
2020-10-05 17:00:00,4035647.85798177
2020-10-05 18:00:00,4247538.775412123
2020-10-05 19:00:00,4333878.083787228
2020-10-05 20:00:00,4408091.764245783
2020-10-05 21:00:00,3949614.4690923416
2020-10-05 22:00:00,3448227.4411142897
2020-10-05 23:00:00,2938424.440455577
2020-10-06 00:00:00,2505878.0544662764
2020-10-06 01:00:00,2290406.1437588823
2020-10-06 02:00:00,2275093.684126637
2020-10-06 03:00:00,2376589.6505323206
2020-10-06 04:00:00,2530537.4272524766
2020-10-06 05:00:00,2720296.643127109
2020-10-06 06:00:00,2992527.6140562017
2020-10-06 07:00:00,3338711.1892246944
2020-10-06 08:00:00,3833893.5459682643
2020-10-06 09:00:00,3924691.7439882196
2020-10-06 10:00:00,3849038.26334523
2020-10-06 11:00:00,3805292.0443098797
2020-10-06 12:00:00,3636012.3558832156
2020-10-06 13:00:00,3532055.794229788
2020-10-06 14:00:00,3678888.098158649
2020-10-06 15:00:00,3846530.725570967
2020-10-06 16:00:00,4118394.5512738912
2020-10-06 17:00:00,4416370.047476675
2020-10-06 18:00:00,4786246.753752876
2020-10-06 19:00:00,4980952.861148105
2020-10-06 20:00:00,5105534.487247436
2020-10-06 21:00:00,4640890.166986127
2020-10-06 22:00:00,4085867.9938989794
2020-10-06 23:00:00,3488383.939317668
2020-10-07 00:00:00,2948651.7873612246
2020-10-07 01:00:00,2619729.9515582677
2020-10-07 02:00:00,2495426.112346084
2020-10-07 03:00:00,2500493.529136079
2020-10-07 04:00:00,2576627.2018268523
2020-10-07 05:00:00,2711820.831956575
2020-10-07 06:00:00,2956160.1281469823
2020-10-07 07:00:00,3302922.2925447165
2020-10-07 08:00:00,3826431.6679615653
2020-10-07 09:00:00,3969160.182257419
2020-10-07 10:00:00,3961111.266048096
2020-10-07 11:00:00,3989551.245830476
2020-10-07 12:00:00,3884501.813889254
2020-10-07 13:00:00,3825364.509695619
2020-10-07 14:00:00,3989928.87736596
2020-10-07 15:00:00,4146380.2584100226
2020-10-07 16:00:00,4382851.320876014
2020-10-07 17:00:00,4631522.24589961
2020-10-07 18:00:00,4951474.059422437
2020-10-07 19:00:00,5108414.152783263
2020-10-07 20:00:00,5216158.109623961
2020-10-07 21:00:00,4757906.414457321
2020-10-07 22:00:00,4227692.372602771
2020-10-07 23:00:00,3662924.331773912
2020-10-08 00:00:00,3150766.689951751
2020-10-08 01:00:00,2832685.6884365175
2020-10-08 02:00:00,2696032.482051193
2020-10-08 03:00:00,2666481.866887265
2020-10-08 04:00:00,2694110.997093378
2020-10-08 05:00:00,2780578.3405956705
2020-10-08 06:00:00,2991051.3529204996
2020-10-08 07:00:00,3330848.096520946
2020-10-08 08:00:00,3879547.995433511
2020-10-08 09:00:00,4076191.5158625045
2020-10-08 10:00:00,4139223.30395824
2020-10-08 11:00:00,4239148.18329252
2020-10-08 12:00:00,4188521.008685389
2020-10-08 13:00:00,4153371.007558671
2020-10-08 14:00:00,4305930.325079964
2020-10-08 15:00:00,4418194.202829991
2020-10-08 16:00:00,4590385.915757258
2020-10-08 17:00:00,4771623.823744559
2020-10-08 18:00:00,5037973.106215485
2020-10-08 19:00:00,5167384.303837758
2020-10-08 20:00:00,5277788.591774756
2020-10-08 21:00:00,4847371.003812279
2020-10-08 22:00:00,4357687.777788471
2020-10-08 23:00:00,3830060.621982879
2020-10-09 00:00:00,3336863.4718765677
2020-10-09 01:00:00,3010589.4463085188
2020-10-09 02:00:00,2838243.168672324
2020-10-09 03:00:00,2754048.2890823195
2020-10-09 04:00:00,2723166.1502232724
2020-10-09 05:00:00,2764562.026345463
2020-10-09 06:00:00,2957909.260179794
2020-10-09 07:00:00,3315941.2541117836
2020-10-09 08:00:00,3916234.756557084
2020-10-09 09:00:00,4186703.2005415806
2020-10-09 10:00:00,4328360.497325123
2020-10-09 11:00:00,4492514.317408316
2020-10-09 12:00:00,4475726.923358195
2020-10-09 13:00:00,4435264.749050124
2020-10-09 14:00:00,4543826.732201579
2020-10-09 15:00:00,4582599.091435492
2020-10-09 16:00:00,4666948.544628021
2020-10-09 17:00:00,4762915.641218907
2020-10-09 18:00:00,4960908.690439802
2020-10-09 19:00:00,5047306.667062985
2020-10-09 20:00:00,5141087.775880063
2020-10-09 21:00:00,4714764.285208761
2020-10-09 22:00:00,4239917.635665562
2020-10-09 23:00:00,3726908.947342305
2020-10-10 00:00:00,3239322.4343854715
2020-10-10 01:00:00,2905103.356932647
2020-10-10 02:00:00,2711417.703346612
2020-10-10 03:00:00,2596250.3932633987
2020-10-10 04:00:00,2529969.813947837
2020-10-10 05:00:00,2535833.6430109562
2020-10-10 06:00:00,2695182.6363318474
2020-10-10 07:00:00,3019321.7598898564
2020-10-10 08:00:00,3582205.22253662
2020-10-10 09:00:00,3807846.2436336977
2020-10-10 10:00:00,3895291.7448849035
2020-10-10 11:00:00,3997486.891876127
2020-10-10 12:00:00,3916705.4986083577
2020-10-10 13:00:00,3819007.082169683
2020-10-10 14:00:00,3886749.4101906065
2020-10-10 15:00:00,3908874.8324969346
2020-10-10 16:00:00,4004172.398208881
2020-10-10 17:00:00,4136496.9158496917
2020-10-10 18:00:00,4388820.169066329
2020-10-10 19:00:00,4536783.708114295
2020-10-10 20:00:00,4688310.873908381
2020-10-10 21:00:00,4307641.96168401
2020-10-10 22:00:00,3863095.5901512774
2020-10-10 23:00:00,3367383.3220528048
2020-10-11 00:00:00,2890780.395633736
2020-10-11 01:00:00,2569455.3660616456
2020-10-11 02:00:00,2396840.0191797796
2020-10-11 03:00:00,2312175.603036047
2020-10-11 04:00:00,2280506.7314364086
2020-10-11 05:00:00,2313735.0549111147
2020-10-11 06:00:00,2478492.112120252
2020-10-11 07:00:00,2772184.2581993346
2020-10-11 08:00:00,3260185.120107065
2020-10-11 09:00:00,3366780.557320445
2020-10-11 10:00:00,3301598.7762773624
2020-10-11 11:00:00,3237284.568792321
2020-10-11 12:00:00,3001252.7043769807
2020-10-11 13:00:00,2784841.790225951
2020-10-11 14:00:00,2790232.8541155737
2020-10-11 15:00:00,2816295.2060151356
2020-10-11 16:00:00,2979714.461080102
2020-10-11 17:00:00,3230926.523886429
2020-10-11 18:00:00,3631519.3852522015
2020-10-11 19:00:00,3932870.876436133
2020-10-11 20:00:00,4221250.803599524
2020-10-11 21:00:00,3946368.2535287784
2020-10-11 22:00:00,3571608.431872577
2020-10-11 23:00:00,3114325.2396680824
2020-10-12 00:00:00,2656722.267060472
2020-10-12 01:00:00,2350437.0481596077
2020-10-12 02:00:00,2203834.278984379
2020-10-12 03:00:00,2167236.0316651347
2020-10-12 04:00:00,2211107.088464443
2020-10-12 05:00:00,2347021.253093218
2020-10-12 06:00:00,2636837.855834118
2020-10-12 07:00:00,3070728.2057149494
2020-10-12 08:00:00,3706205.501993769
2020-10-12 09:00:00,3960126.453982605
2020-10-12 10:00:00,4035161.930002594
2020-10-12 11:00:00,4096729.2805454936
2020-10-12 12:00:00,3963821.7469781903
2020-10-12 13:00:00,3817786.1887332886
2020-10-12 14:00:00,3849981.0562978843
2020-10-12 15:00:00,3849636.0522152367
2020-10-12 16:00:00,3927904.4595677145
2020-10-12 17:00:00,4036809.847339033
2020-10-12 18:00:00,4248700.764769386
2020-10-12 19:00:00,4335040.07314449
2020-10-12 20:00:00,4409253.753603044
2020-10-12 21:00:00,3950776.458449603
2020-10-12 22:00:00,3449389.4304715507
2020-10-12 23:00:00,2939586.4298128374
2020-10-13 00:00:00,2507040.043823538
2020-10-13 01:00:00,2291568.1331161438
2020-10-13 02:00:00,2276255.6734838984
2020-10-13 03:00:00,2377751.6398895816
2020-10-13 04:00:00,2531699.416609737
2020-10-13 05:00:00,2721458.6324843704
2020-10-13 06:00:00,2993689.6034134626
2020-10-13 07:00:00,3339873.1785819554
2020-10-13 08:00:00,3835055.535325525
2020-10-13 09:00:00,3925853.733345481
2020-10-13 10:00:00,3850200.252702492
2020-10-13 11:00:00,3806454.033667142
2020-10-13 12:00:00,3637174.3452404784
2020-10-13 13:00:00,3533217.7835870506
2020-10-13 14:00:00,3680050.0875159125
2020-10-13 15:00:00,3847692.7149282303
2020-10-13 16:00:00,4119556.5406311546
2020-10-13 17:00:00,4417532.036833936
2020-10-13 18:00:00,4787408.743110138
2020-10-13 19:00:00,4982114.850505364
2020-10-13 20:00:00,5106696.476604695
2020-10-13 21:00:00,4642052.156343387
2020-10-13 22:00:00,4087029.983256239
2020-10-13 23:00:00,3489545.9286749274
2020-10-14 00:00:00,2949813.776718484
2020-10-14 01:00:00,2620891.9409155264
2020-10-14 02:00:00,2496588.1017033416
2020-10-14 03:00:00,2501655.518493337
2020-10-14 04:00:00,2577789.1911841086
2020-10-14 05:00:00,2712982.8213138324
2020-10-14 06:00:00,2957322.117504239
2020-10-14 07:00:00,3304084.2819019733
2020-10-14 08:00:00,3827593.657318822
2020-10-14 09:00:00,3970322.171614677
2020-10-14 10:00:00,3962273.255405354
2020-10-14 11:00:00,3990713.235187734
2020-10-14 12:00:00,3885663.8032465116
2020-10-14 13:00:00,3826526.499052877
2020-10-14 14:00:00,3991090.8667232185
2020-10-14 15:00:00,4147542.24776728
2020-10-14 16:00:00,4384013.310233272
2020-10-14 17:00:00,4632684.2352568675
2020-10-14 18:00:00,4952636.0487796925
2020-10-14 19:00:00,5109576.142140516
2020-10-14 20:00:00,5217320.0989812175
2020-10-14 21:00:00,4759068.4038145775
2020-10-14 22:00:00,4228854.361960026
2020-10-14 23:00:00,3664086.321131169
2020-10-15 00:00:00,3151928.679309008
2020-10-15 01:00:00,2833847.6777937748
2020-10-15 02:00:00,2697194.47140845
2020-10-15 03:00:00,2667643.8562445226
2020-10-15 04:00:00,2695272.9864506344
2020-10-15 05:00:00,2781740.329952927
2020-10-15 06:00:00,2992213.3422777564
2020-10-15 07:00:00,3332010.0858782027
2020-10-15 08:00:00,3880709.9847907666
2020-10-15 09:00:00,4077353.5052197613
2020-10-15 10:00:00,4140385.2933154963
2020-10-15 11:00:00,4240310.172649775
2020-10-15 12:00:00,4189682.998042643
2020-10-15 13:00:00,4154532.9969159253
2020-10-15 14:00:00,4307092.314437217
2020-10-15 15:00:00,4419356.192187243
2020-10-15 16:00:00,4591547.90511451
2020-10-15 17:00:00,4772785.81310181
2020-10-15 18:00:00,5039135.095572737
2020-10-15 19:00:00,5168546.293195011
2020-10-15 20:00:00,5278950.58113201
2020-10-15 21:00:00,4848532.993169533
2020-10-15 22:00:00,4358849.767145727
2020-10-15 23:00:00,3831222.611340134
2020-10-16 00:00:00,3338025.461233823
2020-10-16 01:00:00,3011751.435665774
2020-10-16 02:00:00,2839405.158029579
2020-10-16 03:00:00,2755210.2784395744
2020-10-16 04:00:00,2724328.139580528
2020-10-16 05:00:00,2765724.015702719
2020-10-16 06:00:00,2959071.2495370507
2020-10-16 07:00:00,3317103.24346904
2020-10-16 08:00:00,3917396.745914341
2020-10-16 09:00:00,4187865.1898988383
2020-10-16 10:00:00,4329522.48668238
2020-10-16 11:00:00,4493676.306765572
2020-10-16 12:00:00,4476888.912715452
2020-10-16 13:00:00,4436426.73840738
2020-10-16 14:00:00,4544988.721558835
2020-10-16 15:00:00,4583761.080792748
2020-10-16 16:00:00,4668110.533985277
2020-10-16 17:00:00,4764077.6305761635
2020-10-16 18:00:00,4962070.679797057
2020-10-16 19:00:00,5048468.656420242
2020-10-16 20:00:00,5142249.76523732
2020-10-16 21:00:00,4715926.274566018
2020-10-16 22:00:00,4241079.625022819
2020-10-16 23:00:00,3728070.9366995613
2020-10-17 00:00:00,3240484.423742727
2020-10-17 01:00:00,2906265.346289903
2020-10-17 02:00:00,2712579.6927038683
2020-10-17 03:00:00,2597412.382620655
2020-10-17 04:00:00,2531131.803305094
2020-10-17 05:00:00,2536995.6323682135
2020-10-17 06:00:00,2696344.625689106
2020-10-17 07:00:00,3020483.7492471146
2020-10-17 08:00:00,3583367.2118938775
2020-10-17 09:00:00,3809008.2329909564
2020-10-17 10:00:00,3896453.7342421613
2020-10-17 11:00:00,3998648.8812333844
2020-10-17 12:00:00,3917867.4879656155
2020-10-17 13:00:00,3820169.071526941
2020-10-17 14:00:00,3887911.3995478647
2020-10-17 15:00:00,3910036.8218541923
2020-10-17 16:00:00,4005334.38756614
2020-10-17 17:00:00,4137658.905206953
2020-10-17 18:00:00,4389982.158423591
2020-10-17 19:00:00,4537945.697471557
2020-10-17 20:00:00,4689472.863265644
2020-10-17 21:00:00,4308803.951041272
2020-10-17 22:00:00,3864257.57950854
2020-10-17 23:00:00,3368545.3114100667
2020-10-18 00:00:00,2891942.384990998
2020-10-18 01:00:00,2570617.355418906
2020-10-18 02:00:00,2398002.008537041
2020-10-18 03:00:00,2313337.5923933084
2020-10-18 04:00:00,2281668.72079367
2020-10-18 05:00:00,2314897.044268376
2020-10-18 06:00:00,2479654.101477513
2020-10-18 07:00:00,2773346.2475565956
2020-10-18 08:00:00,3261347.109464325
2020-10-18 09:00:00,3367942.546677705
2020-10-18 10:00:00,3302760.7656346224
2020-10-18 11:00:00,3238446.5581495813
2020-10-18 12:00:00,3002414.6937342416
2020-10-18 13:00:00,2786003.779583211
2020-10-18 14:00:00,2791394.843472834
2020-10-18 15:00:00,2817457.1953723966
2020-10-18 16:00:00,2980876.450437364
2020-10-18 17:00:00,3232088.513243692
2020-10-18 18:00:00,3632681.3746094652
2020-10-18 19:00:00,3934032.8657933967
2020-10-18 20:00:00,4222412.792956788
2020-10-18 21:00:00,3947530.2428860418
2020-10-18 22:00:00,3572770.42122984
2020-10-18 23:00:00,3115487.229025345
2020-10-19 00:00:00,2657884.256417735
2020-10-19 01:00:00,2351599.037516871
2020-10-19 02:00:00,2204996.268341643
2020-10-19 03:00:00,2168398.021022399
2020-10-19 04:00:00,2212269.077821707
2020-10-19 05:00:00,2348183.242450482
2020-10-19 06:00:00,2637999.845191382
2020-10-19 07:00:00,3071890.1950722137
2020-10-19 08:00:00,3707367.491351032
2020-10-19 09:00:00,3961288.443339869
2020-10-19 10:00:00,4036323.9193598577
2020-10-19 11:00:00,4097891.2699027574
2020-10-19 12:00:00,3964983.736335455
2020-10-19 13:00:00,3818948.1780905523
2020-10-19 14:00:00,3851143.0456551467
2020-10-19 15:00:00,3850798.041572501
2020-10-19 16:00:00,3929066.4489249787
2020-10-19 17:00:00,4037971.836696296
2020-10-19 18:00:00,4249862.7541266475
2020-10-19 19:00:00,4336202.062501752
2020-10-19 20:00:00,4410415.742960306
2020-10-19 21:00:00,3951938.447806864
2020-10-19 22:00:00,3450551.419828812
2020-10-19 23:00:00,2940748.4191700984
2020-10-20 00:00:00,2508202.0331807993
2020-10-20 01:00:00,2292730.1224734047
2020-10-20 02:00:00,2277417.66284116
2020-10-20 03:00:00,2378913.629246844
2020-10-20 04:00:00,2532861.405966999
2020-10-20 05:00:00,2722620.6218416323
2020-10-20 06:00:00,2994851.5927707236
2020-10-20 07:00:00,3341035.167939216
2020-10-20 08:00:00,3836217.5246827863
2020-10-20 09:00:00,3927015.722702742
2020-10-20 10:00:00,3851362.2420597533
2020-10-20 11:00:00,3807616.0230244035
2020-10-20 12:00:00,3638336.3345977417
2020-10-20 13:00:00,3534379.7729443144
2020-10-20 14:00:00,3681212.0768731753
2020-10-20 15:00:00,3848854.7042854927
2020-10-20 16:00:00,4120718.529988418
2020-10-20 17:00:00,4418694.026191199
2020-10-20 18:00:00,4788570.732467399
2020-10-20 19:00:00,4983276.839862626
2020-10-20 20:00:00,5107858.465961956
2020-10-20 21:00:00,4643214.145700646
2020-10-20 22:00:00,4088191.972613498
2020-10-20 23:00:00,3490707.918032186
2020-10-21 00:00:00,2950975.7660757434
2020-10-21 01:00:00,2622053.9302727855
2020-10-21 02:00:00,2497750.0910606002
2020-10-21 03:00:00,2502817.5078505953
2020-10-21 04:00:00,2578951.1805413673
2020-10-21 05:00:00,2714144.81067109
2020-10-21 06:00:00,2958484.106861496
2020-10-21 07:00:00,3305246.2712592296
2020-10-21 08:00:00,3828755.64667608
2020-10-21 09:00:00,3971484.160971935
2020-10-21 10:00:00,3963435.244762611
2020-10-21 11:00:00,3991875.224544992
2020-10-21 12:00:00,3886825.7926037703
2020-10-21 13:00:00,3827688.4884101357
2020-10-21 14:00:00,3992252.856080476
2020-10-21 15:00:00,4148704.2371245376
2020-10-21 16:00:00,4385175.299590528
2020-10-21 17:00:00,4633846.224614123
2020-10-21 18:00:00,4953798.038136949
2020-10-21 19:00:00,5110738.1314977715
2020-10-21 20:00:00,5218482.088338474
2020-10-21 21:00:00,4760230.393171834
2020-10-21 22:00:00,4230016.351317284
2020-10-21 23:00:00,3665248.310488426
2020-10-22 00:00:00,3153090.668666266
2020-10-22 01:00:00,2835009.6671510316
2020-10-22 02:00:00,2698356.460765708
2020-10-22 03:00:00,2668805.84560178
2020-10-22 04:00:00,2696434.9758078926
2020-10-22 05:00:00,2782902.3193101836
2020-10-22 06:00:00,2993375.3316350128
2020-10-22 07:00:00,3333172.0752354586
2020-10-22 08:00:00,3881871.9741480234
2020-10-22 09:00:00,4078515.494577017
2020-10-22 10:00:00,4141547.282672752
2020-10-22 11:00:00,4241472.162007031
2020-10-22 12:00:00,4190844.987399899
2020-10-22 13:00:00,4155694.98627318
2020-10-22 14:00:00,4308254.303794471
2020-10-22 15:00:00,4420518.181544497
2020-10-22 16:00:00,4592709.894471765
2020-10-22 17:00:00,4773947.802459064
2020-10-22 18:00:00,5040297.084929991
2020-10-22 19:00:00,5169708.282552265
2020-10-22 20:00:00,5280112.570489265
2020-10-22 21:00:00,4849694.982526788
2020-10-22 22:00:00,4360011.756502981
2020-10-22 23:00:00,3832384.60069739
2020-10-23 00:00:00,3339187.4505910785
2020-10-23 01:00:00,3012913.425023029
2020-10-23 02:00:00,2840567.1473868345
2020-10-23 03:00:00,2756372.26779683
2020-10-23 04:00:00,2725490.128937784
2020-10-23 05:00:00,2766886.005059975
2020-10-23 06:00:00,2960233.2388943066
2020-10-23 07:00:00,3318265.2328262967
2020-10-23 08:00:00,3918558.7352715987
2020-10-23 09:00:00,4189027.179256094
2020-10-23 10:00:00,4330684.476039637
2020-10-23 11:00:00,4494838.296122829
2020-10-23 12:00:00,4478050.902072708
2020-10-23 13:00:00,4437588.727764637
2020-10-23 14:00:00,4546150.710916092
2020-10-23 15:00:00,4584923.070150004
2020-10-23 16:00:00,4669272.523342533
2020-10-23 17:00:00,4765239.619933419
2020-10-23 18:00:00,4963232.669154314
2020-10-23 19:00:00,5049630.645777498
2020-10-23 20:00:00,5143411.7545945775
2020-10-23 21:00:00,4717088.263923274
2020-10-23 22:00:00,4242241.6143800765
2020-10-23 23:00:00,3729232.9260568186
2020-10-24 00:00:00,3241646.4130999846
2020-10-24 01:00:00,2907427.3356471593
2020-10-24 02:00:00,2713741.682061125
2020-10-24 03:00:00,2598574.371977912
2020-10-24 04:00:00,2532293.792662352
2020-10-24 05:00:00,2538157.6217254703
2020-10-24 06:00:00,2697506.615046364
2020-10-24 07:00:00,3021645.738604373
2020-10-24 08:00:00,3584529.201251136
2020-10-24 09:00:00,3810170.222348214
2020-10-24 10:00:00,3897615.7235994195
2020-10-24 11:00:00,3999810.870590642
2020-10-24 12:00:00,3919029.4773228727
2020-10-24 13:00:00,3821331.060884198
2020-10-24 14:00:00,3889073.3889051224
2020-10-24 15:00:00,3911198.8112114514
2020-10-24 16:00:00,4006496.3769233995
2020-10-24 17:00:00,4138820.894564213
2020-10-24 18:00:00,4391144.147780852
2020-10-24 19:00:00,4539107.686828818
2020-10-24 20:00:00,4690634.852622907
2020-10-24 21:00:00,4309965.940398536
2020-10-24 22:00:00,3865419.5688658026
2020-10-24 23:00:00,3369707.3007673295
2020-10-25 00:00:00,2893104.3743482605
2020-10-25 01:00:00,2571779.3447761675
2020-10-25 02:00:00,2399163.9978943025
2020-10-25 03:00:00,2314499.5817505694
2020-10-25 04:00:00,2282830.7101509315
2020-10-25 05:00:00,2316059.0336256367
2020-10-25 06:00:00,2480816.090834775
2020-10-25 07:00:00,2774508.236913856
2020-10-25 08:00:00,3262509.0988215855
2020-10-25 09:00:00,3369104.5360349654
2020-10-25 10:00:00,3303922.754991882
2020-10-25 11:00:00,3239608.547506841
2020-10-25 12:00:00,3003576.6830915017
2020-10-25 13:00:00,2787165.768940471
2020-10-25 14:00:00,2792556.832830095
2020-10-25 15:00:00,2818619.1847296585
2020-10-25 16:00:00,2982038.4397946275
2020-10-25 17:00:00,3233250.502600955
2020-10-25 18:00:00,3633843.3639667286
2020-10-25 19:00:00,3935194.855150661
2020-10-25 20:00:00,4223574.782314051
2020-10-25 21:00:00,3948692.2322433046
2020-10-25 22:00:00,3573932.410587103
2020-10-25 23:00:00,3116649.218382608
2020-10-26 00:00:00,2659046.245774998
2020-10-26 01:00:00,2352761.0268741334
2020-10-26 02:00:00,2206158.2576989057
2020-10-26 03:00:00,2169560.0103796623
2020-10-26 04:00:00,2213431.0671789707
2020-10-26 05:00:00,2349345.2318077455
2020-10-26 06:00:00,2639161.8345486457
2020-10-26 07:00:00,3073052.184429478
2020-10-26 08:00:00,3708529.480708296
2020-10-26 09:00:00,3962450.4326971318
2020-10-26 10:00:00,4037485.908717122
2020-10-26 11:00:00,4099053.259260021
2020-10-26 12:00:00,3966145.725692719
2020-10-26 13:00:00,3820110.167447816
2020-10-26 14:00:00,3852305.035012412
2020-10-26 15:00:00,3851960.030929765
2020-10-26 16:00:00,3930228.438282243
2020-10-26 17:00:00,4039133.8260535593
2020-10-26 18:00:00,4251024.743483911
2020-10-26 19:00:00,4337364.051859015
2020-10-26 20:00:00,4411577.732317568
2020-10-26 21:00:00,3953100.437164125
2020-10-26 22:00:00,3451713.409186073
2020-10-26 23:00:00,2941910.40852736
2020-10-27 00:00:00,2509364.0225380603
2020-10-27 01:00:00,2293892.1118306667
2020-10-27 02:00:00,2278579.6521984213
2020-10-27 03:00:00,2380075.618604105
2020-10-27 04:00:00,2534023.3953242605
2020-10-27 05:00:00,2723782.611198893
2020-10-27 06:00:00,2996013.582127985
2020-10-27 07:00:00,3342197.1572964764
2020-10-27 08:00:00,3837379.514040048
2020-10-27 09:00:00,3928177.712060003
2020-10-27 10:00:00,3852524.2314170147
2020-10-27 11:00:00,3808778.0123816663
2020-10-27 12:00:00,3639498.3239550036
2020-10-27 13:00:00,3535541.7623015763
2020-10-27 14:00:00,3682374.0662304386
2020-10-27 15:00:00,3850016.693642756
2020-10-27 16:00:00,4121880.51934568
2020-10-27 17:00:00,4419856.015548461
2020-10-27 18:00:00,4789732.72182466
2020-10-27 19:00:00,4984438.829219885
2020-10-27 20:00:00,5109020.4553192165
2020-10-27 21:00:00,4644376.135057906
2020-10-27 22:00:00,4089353.961970757
2020-10-27 23:00:00,3491869.9073894457
2020-10-28 00:00:00,2952137.7554330025
2020-10-28 01:00:00,2623215.9196300437
2020-10-28 02:00:00,2498912.0804178594
2020-10-28 03:00:00,2503979.4972078535
2020-10-28 04:00:00,2580113.1698986245
2020-10-28 05:00:00,2715306.8000283465
2020-10-28 06:00:00,2959646.096218752
2020-10-28 07:00:00,3306408.260616487
2020-10-28 08:00:00,3829917.6360333376
2020-10-28 09:00:00,3972646.1503291917
2020-10-28 10:00:00,3964597.234119869
2020-10-28 11:00:00,3993037.2139022504
2020-10-28 12:00:00,3887987.781961028
2020-10-28 13:00:00,3828850.4777673935
2020-10-28 14:00:00,3993414.845437734
2020-10-28 15:00:00,4149866.226481794
2020-10-28 16:00:00,4386337.288947784
2020-10-28 17:00:00,4635008.213971379
2020-10-28 18:00:00,4954960.027494204
2020-10-28 19:00:00,5111900.120855028
2020-10-28 20:00:00,5219644.077695729
2020-10-28 21:00:00,4761392.38252909
2020-10-28 22:00:00,4231178.34067454
2020-10-28 23:00:00,3666410.299845683
2020-10-29 00:00:00,3154252.6580235227
2020-10-29 01:00:00,2836171.656508289
2020-10-29 02:00:00,2699518.450122965
2020-10-29 03:00:00,2669967.834959036
2020-10-29 04:00:00,2697596.965165149
2020-10-29 05:00:00,2784064.30866744
2020-10-29 06:00:00,2994537.320992269
2020-10-29 07:00:00,3334334.0645927144
2020-10-29 08:00:00,3883033.9635052797
2020-10-29 09:00:00,4079677.4839342725
2020-10-29 10:00:00,4142709.272030008
2020-10-29 11:00:00,4242634.151364286
2020-10-29 12:00:00,4192006.976757154
2020-10-29 13:00:00,4156856.9756304338
2020-10-29 14:00:00,4309416.293151724
2020-10-29 15:00:00,4421680.17090175
2020-10-29 16:00:00,4593871.883829016
2020-10-29 17:00:00,4775109.791816317
2020-10-29 18:00:00,5041459.074287243
2020-10-29 19:00:00,5170870.271909518
2020-10-29 20:00:00,5281274.559846518
2020-10-29 21:00:00,4850856.971884041
2020-10-29 22:00:00,4361173.745860236
2020-10-29 23:00:00,3833546.5900546443
2020-10-30 00:00:00,3340349.439948334
2020-10-30 01:00:00,3014075.414380284
2020-10-30 02:00:00,2841729.1367440904
2020-10-30 03:00:00,2757534.2571540857
2020-10-30 04:00:00,2726652.1182950395
2020-10-30 05:00:00,2768047.99441723
2020-10-30 06:00:00,2961395.228251563
2020-10-30 07:00:00,3319427.2221835535
2020-10-30 08:00:00,3919720.7246288555
2020-10-30 09:00:00,4190189.168613351
2020-10-30 10:00:00,4331846.465396894
2020-10-30 11:00:00,4496000.285480085
2020-10-30 12:00:00,4479212.891429964
2020-10-30 13:00:00,4438750.717121893
2020-10-30 14:00:00,4547312.700273347
2020-10-30 15:00:00,4586085.059507259
2020-10-30 16:00:00,4670434.51269979
2020-10-30 17:00:00,4766401.609290675
2020-10-30 18:00:00,4964394.658511571
2020-10-30 19:00:00,5050792.635134757
2020-10-30 20:00:00,5144573.743951835
2020-10-30 21:00:00,4718250.253280532
2020-10-30 22:00:00,4243403.603737334
2020-10-30 23:00:00,3730394.915414075
2020-10-31 00:00:00,3242808.402457241
2020-10-31 01:00:00,2908589.3250044156
2020-10-31 02:00:00,2714903.671418382
2020-10-31 03:00:00,2599736.3613351686
2020-10-31 04:00:00,2533455.782019609
2020-10-31 05:00:00,2539319.611082729
2020-10-31 06:00:00,2698668.6044036215
2020-10-31 07:00:00,3022807.7279616315
2020-10-31 08:00:00,3585691.190608395
2020-10-31 09:00:00,3811332.211705473
2020-10-31 10:00:00,3898777.7129566777
2020-10-31 11:00:00,4000972.8599479
2020-10-31 12:00:00,3920191.4666801305
2020-10-31 13:00:00,3822493.0502414554
2020-10-31 14:00:00,3890235.378262381
2020-10-31 15:00:00,3912360.800568711
2020-10-31 16:00:00,4007658.3662806596
2020-10-31 17:00:00,4139982.8839214738
2020-10-31 18:00:00,4392306.137138114
2020-10-31 19:00:00,4540269.676186082
2020-10-31 20:00:00,4691796.841980168
2020-10-31 21:00:00,4311127.929755798
2020-10-31 22:00:00,3866581.5582230655
2020-10-31 23:00:00,3370869.290124592
