datetime,ML
2020-09-01 00:00:00,3019115.0
2020-09-01 01:00:00,2792928.8
2020-09-01 02:00:00,2678301.0
2020-09-01 03:00:00,2717490.0
2020-09-01 04:00:00,2885874.8
2020-09-01 05:00:00,3176577.0
2020-09-01 06:00:00,3487995.8
2020-09-01 07:00:00,3791635.0
2020-09-01 08:00:00,4051576.8
2020-09-01 09:00:00,4160761.5
2020-09-01 10:00:00,4152128.8
2020-09-01 11:00:00,4076747.5
2020-09-01 12:00:00,4004777.0
2020-09-01 13:00:00,3998585.8
2020-09-01 14:00:00,4104320.5
2020-09-01 15:00:00,4309259.5
2020-09-01 16:00:00,4565134.0
2020-09-01 17:00:00,4762501.0
2020-09-01 18:00:00,4889573.5
2020-09-01 19:00:00,4839968.5
2020-09-01 20:00:00,4584760.5
2020-09-01 21:00:00,4195233.0
2020-09-01 22:00:00,3777613.5
2020-09-01 23:00:00,3383450.0
2020-09-02 00:00:00,3012936.5
2020-09-02 01:00:00,2798131.8
2020-09-02 02:00:00,2684662.8
2020-09-02 03:00:00,2718523.0
2020-09-02 04:00:00,2883437.5
2020-09-02 05:00:00,3171688.5
2020-09-02 06:00:00,3495749.0
2020-09-02 07:00:00,3808742.0
2020-09-02 08:00:00,4045983.0
2020-09-02 09:00:00,4138451.8
2020-09-02 10:00:00,4164590.8
2020-09-02 11:00:00,4071933.8
2020-09-02 12:00:00,3980834.8
2020-09-02 13:00:00,3996239.5
2020-09-02 14:00:00,4107129.5
2020-09-02 15:00:00,4285950.5
2020-09-02 16:00:00,4553659.0
2020-09-02 17:00:00,4761623.0
2020-09-02 18:00:00,4870312.0
2020-09-02 19:00:00,4822294.5
2020-09-02 20:00:00,4568481.5
2020-09-02 21:00:00,4201045.0
2020-09-02 22:00:00,3768136.8
2020-09-02 23:00:00,3388262.0
2020-09-03 00:00:00,3028244.2
2020-09-03 01:00:00,2798982.8
2020-09-03 02:00:00,2698996.5
2020-09-03 03:00:00,2724120.2
2020-09-03 04:00:00,2908442.2
2020-09-03 05:00:00,3175702.0
2020-09-03 06:00:00,3531502.5
2020-09-03 07:00:00,3797730.5
2020-09-03 08:00:00,4011546.0
2020-09-03 09:00:00,4129374.0
2020-09-03 10:00:00,4124261.8
2020-09-03 11:00:00,4028904.0
2020-09-03 12:00:00,3972450.8
2020-09-03 13:00:00,3985994.8
2020-09-03 14:00:00,4075971.5
2020-09-03 15:00:00,4279498.5
2020-09-03 16:00:00,4524942.5
2020-09-03 17:00:00,4763163.0
2020-09-03 18:00:00,4879913.0
2020-09-03 19:00:00,4833644.0
2020-09-03 20:00:00,4594825.0
2020-09-03 21:00:00,4208680.5
2020-09-03 22:00:00,3791550.8
2020-09-03 23:00:00,3402495.5
2020-09-04 00:00:00,3057828.8
2020-09-04 01:00:00,2825274.0
2020-09-04 02:00:00,2711848.8
2020-09-04 03:00:00,2736632.8
2020-09-04 04:00:00,2908989.0
2020-09-04 05:00:00,3171248.8
2020-09-04 06:00:00,3487795.2
2020-09-04 07:00:00,3806815.8
2020-09-04 08:00:00,4032755.8
2020-09-04 09:00:00,4107213.5
2020-09-04 10:00:00,4138098.8
2020-09-04 11:00:00,4051741.5
2020-09-04 12:00:00,3991632.5
2020-09-04 13:00:00,4019402.5
2020-09-04 14:00:00,4093481.2
2020-09-04 15:00:00,4308500.0
2020-09-04 16:00:00,4598865.0
2020-09-04 17:00:00,4813158.5
2020-09-04 18:00:00,4939752.0
2020-09-04 19:00:00,4868579.5
2020-09-04 20:00:00,4592717.0
2020-09-04 21:00:00,4229481.5
2020-09-04 22:00:00,3829739.0
2020-09-04 23:00:00,3413733.8
2020-09-05 00:00:00,3057245.2
2020-09-05 01:00:00,2834156.5
2020-09-05 02:00:00,2730113.8
2020-09-05 03:00:00,2759738.0
2020-09-05 04:00:00,2911788.0
2020-09-05 05:00:00,3190453.0
2020-09-05 06:00:00,3541750.0
2020-09-05 07:00:00,3860293.8
2020-09-05 08:00:00,4033838.8
2020-09-05 09:00:00,4166683.2
2020-09-05 10:00:00,4151407.2
2020-09-05 11:00:00,4055485.5
2020-09-05 12:00:00,3994632.5
2020-09-05 13:00:00,4023193.0
2020-09-05 14:00:00,4133641.0
2020-09-05 15:00:00,4329893.5
2020-09-05 16:00:00,4579999.5
2020-09-05 17:00:00,4802160.5
2020-09-05 18:00:00,4914895.5
2020-09-05 19:00:00,4866422.5
2020-09-05 20:00:00,4640991.5
2020-09-05 21:00:00,4272408.0
2020-09-05 22:00:00,3835355.0
2020-09-05 23:00:00,3428141.2
2020-09-06 00:00:00,3054904.5
2020-09-06 01:00:00,2837903.2
2020-09-06 02:00:00,2718715.2
2020-09-06 03:00:00,2758570.8
2020-09-06 04:00:00,2918218.0
2020-09-06 05:00:00,3197820.2
2020-09-06 06:00:00,3528876.8
2020-09-06 07:00:00,3825077.8
2020-09-06 08:00:00,4028185.2
2020-09-06 09:00:00,4175809.5
2020-09-06 10:00:00,4179884.0
2020-09-06 11:00:00,4103388.8
2020-09-06 12:00:00,4010173.0
2020-09-06 13:00:00,4051989.5
2020-09-06 14:00:00,4135702.8
2020-09-06 15:00:00,4349603.0
2020-09-06 16:00:00,4605230.5
2020-09-06 17:00:00,4814819.0
2020-09-06 18:00:00,4933983.5
2020-09-06 19:00:00,4877254.5
2020-09-06 20:00:00,4649174.0
2020-09-06 21:00:00,4296512.0
2020-09-06 22:00:00,3866401.5
2020-09-06 23:00:00,3463883.0
2020-09-07 00:00:00,3094037.2
2020-09-07 01:00:00,2871899.2
2020-09-07 02:00:00,2760229.2
2020-09-07 03:00:00,2784423.5
2020-09-07 04:00:00,2934104.5
2020-09-07 05:00:00,3196472.0
2020-09-07 06:00:00,3525700.2
2020-09-07 07:00:00,3817477.0
2020-09-07 08:00:00,4062441.8
2020-09-07 09:00:00,4170761.5
2020-09-07 10:00:00,4196741.0
2020-09-07 11:00:00,4103310.5
2020-09-07 12:00:00,4024696.2
2020-09-07 13:00:00,4078631.5
2020-09-07 14:00:00,4162111.5
2020-09-07 15:00:00,4364548.5
2020-09-07 16:00:00,4611932.5
2020-09-07 17:00:00,4805142.0
2020-09-07 18:00:00,4942703.5
2020-09-07 19:00:00,4903618.0
2020-09-07 20:00:00,4673527.5
2020-09-07 21:00:00,4302612.0
2020-09-07 22:00:00,3888110.0
2020-09-07 23:00:00,3464897.5
2020-09-08 00:00:00,3103012.5
2020-09-08 01:00:00,2869282.5
2020-09-08 02:00:00,2762076.2
2020-09-08 03:00:00,2790829.8
2020-09-08 04:00:00,2950389.5
2020-09-08 05:00:00,3221933.5
2020-09-08 06:00:00,3525447.8
2020-09-08 07:00:00,3845231.5
2020-09-08 08:00:00,4092095.0
2020-09-08 09:00:00,4199945.5
2020-09-08 10:00:00,4188241.8
2020-09-08 11:00:00,4118646.5
2020-09-08 12:00:00,4056750.5
2020-09-08 13:00:00,4054822.0
2020-09-08 14:00:00,4144380.0
2020-09-08 15:00:00,4334850.5
2020-09-08 16:00:00,4634697.0
2020-09-08 17:00:00,4839662.5
2020-09-08 18:00:00,4969206.5
2020-09-08 19:00:00,4907588.0
2020-09-08 20:00:00,4669255.0
2020-09-08 21:00:00,4340091.5
2020-09-08 22:00:00,3895576.2
2020-09-08 23:00:00,3474265.0
2020-09-09 00:00:00,3127014.5
2020-09-09 01:00:00,2885408.2
2020-09-09 02:00:00,2779742.8
2020-09-09 03:00:00,2804432.0
2020-09-09 04:00:00,2965198.5
2020-09-09 05:00:00,3245790.5
2020-09-09 06:00:00,3572567.0
2020-09-09 07:00:00,3849892.5
2020-09-09 08:00:00,4062483.5
2020-09-09 09:00:00,4178351.0
2020-09-09 10:00:00,4187290.2
2020-09-09 11:00:00,4131031.0
2020-09-09 12:00:00,4057928.8
2020-09-09 13:00:00,4042480.8
2020-09-09 14:00:00,4153284.8
2020-09-09 15:00:00,4334555.0
2020-09-09 16:00:00,4585349.5
2020-09-09 17:00:00,4845776.0
2020-09-09 18:00:00,4978241.0
2020-09-09 19:00:00,4957460.5
2020-09-09 20:00:00,4726927.5
2020-09-09 21:00:00,4348530.5
2020-09-09 22:00:00,3902688.2
2020-09-09 23:00:00,3515241.2
2020-09-10 00:00:00,3131461.5
2020-09-10 01:00:00,2895910.2
2020-09-10 02:00:00,2796213.0
2020-09-10 03:00:00,2813856.2
2020-09-10 04:00:00,2978699.2
2020-09-10 05:00:00,3252359.5
2020-09-10 06:00:00,3576658.5
2020-09-10 07:00:00,3884729.5
2020-09-10 08:00:00,4084607.0
2020-09-10 09:00:00,4181781.8
2020-09-10 10:00:00,4180297.8
2020-09-10 11:00:00,4100488.0
2020-09-10 12:00:00,4063055.2
2020-09-10 13:00:00,4043877.8
2020-09-10 14:00:00,4142951.0
2020-09-10 15:00:00,4373377.0
2020-09-10 16:00:00,4611915.0
2020-09-10 17:00:00,4831610.5
2020-09-10 18:00:00,4959379.0
2020-09-10 19:00:00,4940872.0
2020-09-10 20:00:00,4682436.0
2020-09-10 21:00:00,4325648.5
2020-09-10 22:00:00,3896902.0
2020-09-10 23:00:00,3496092.0
2020-09-11 00:00:00,3147502.2
2020-09-11 01:00:00,2905836.0
2020-09-11 02:00:00,2811878.5
2020-09-11 03:00:00,2848633.0
2020-09-11 04:00:00,2993833.8
2020-09-11 05:00:00,3257359.8
2020-09-11 06:00:00,3554114.0
2020-09-11 07:00:00,3852448.5
2020-09-11 08:00:00,4050497.2
2020-09-11 09:00:00,4169670.0
2020-09-11 10:00:00,4151850.0
2020-09-11 11:00:00,4082977.5
2020-09-11 12:00:00,4039545.5
2020-09-11 13:00:00,4027461.0
2020-09-11 14:00:00,4141873.8
2020-09-11 15:00:00,4341408.5
2020-09-11 16:00:00,4608880.5
2020-09-11 17:00:00,4861274.5
2020-09-11 18:00:00,4991138.5
2020-09-11 19:00:00,4933963.5
2020-09-11 20:00:00,4703070.0
2020-09-11 21:00:00,4330830.5
2020-09-11 22:00:00,3901776.2
2020-09-11 23:00:00,3480438.0
2020-09-12 00:00:00,3133984.2
2020-09-12 01:00:00,2926471.2
2020-09-12 02:00:00,2801582.5
2020-09-12 03:00:00,2844868.5
2020-09-12 04:00:00,2994712.5
2020-09-12 05:00:00,3251494.8
2020-09-12 06:00:00,3560215.5
2020-09-12 07:00:00,3841859.5
2020-09-12 08:00:00,4098327.0
2020-09-12 09:00:00,4196059.5
2020-09-12 10:00:00,4210644.0
2020-09-12 11:00:00,4116826.5
2020-09-12 12:00:00,4048566.0
2020-09-12 13:00:00,4047021.5
2020-09-12 14:00:00,4177545.8
2020-09-12 15:00:00,4353539.0
2020-09-12 16:00:00,4601714.5
2020-09-12 17:00:00,4833039.5
2020-09-12 18:00:00,4961137.5
2020-09-12 19:00:00,4931950.5
2020-09-12 20:00:00,4719783.5
2020-09-12 21:00:00,4321345.5
2020-09-12 22:00:00,3903114.2
2020-09-12 23:00:00,3480948.2
2020-09-13 00:00:00,3165029.8
2020-09-13 01:00:00,2930971.8
2020-09-13 02:00:00,2823394.5
2020-09-13 03:00:00,2856060.2
2020-09-13 04:00:00,2999671.2
2020-09-13 05:00:00,3268212.0
2020-09-13 06:00:00,3571936.5
2020-09-13 07:00:00,3876797.2
2020-09-13 08:00:00,4095362.8
2020-09-13 09:00:00,4220952.5
2020-09-13 10:00:00,4208687.5
2020-09-13 11:00:00,4128826.0
2020-09-13 12:00:00,4068201.2
2020-09-13 13:00:00,4102779.8
2020-09-13 14:00:00,4209230.0
2020-09-13 15:00:00,4413313.0
2020-09-13 16:00:00,4668663.0
2020-09-13 17:00:00,4835550.5
2020-09-13 18:00:00,4970279.0
2020-09-13 19:00:00,4945019.5
2020-09-13 20:00:00,4736767.0
2020-09-13 21:00:00,4364873.0
2020-09-13 22:00:00,3936269.5
2020-09-13 23:00:00,3493834.0
2020-09-14 00:00:00,3157734.8
2020-09-14 01:00:00,2928018.0
2020-09-14 02:00:00,2827049.8
2020-09-14 03:00:00,2833658.0
2020-09-14 04:00:00,2976200.2
2020-09-14 05:00:00,3254078.5
2020-09-14 06:00:00,3587498.5
2020-09-14 07:00:00,3892964.5
2020-09-14 08:00:00,4097121.5
2020-09-14 09:00:00,4218155.5
2020-09-14 10:00:00,4232804.0
2020-09-14 11:00:00,4160959.0
2020-09-14 12:00:00,4085098.5
2020-09-14 13:00:00,4101795.2
2020-09-14 14:00:00,4222547.5
2020-09-14 15:00:00,4404878.5
2020-09-14 16:00:00,4673693.5
2020-09-14 17:00:00,4868835.0
2020-09-14 18:00:00,5017559.5
2020-09-14 19:00:00,4983224.0
2020-09-14 20:00:00,4745987.5
2020-09-14 21:00:00,4384633.5
2020-09-14 22:00:00,3941605.5
2020-09-14 23:00:00,3529508.8
2020-09-15 00:00:00,3159662.2
2020-09-15 01:00:00,2943340.0
2020-09-15 02:00:00,2818117.5
2020-09-15 03:00:00,2848905.2
2020-09-15 04:00:00,2998861.2
2020-09-15 05:00:00,3289778.2
2020-09-15 06:00:00,3592892.2
2020-09-15 07:00:00,3887594.2
2020-09-15 08:00:00,4104908.8
2020-09-15 09:00:00,4214548.0
2020-09-15 10:00:00,4211698.0
2020-09-15 11:00:00,4163417.2
2020-09-15 12:00:00,4102580.2
2020-09-15 13:00:00,4094757.2
2020-09-15 14:00:00,4213728.0
2020-09-15 15:00:00,4388177.5
2020-09-15 16:00:00,4653025.0
2020-09-15 17:00:00,4885562.0
2020-09-15 18:00:00,5010468.5
2020-09-15 19:00:00,4962533.0
2020-09-15 20:00:00,4708252.0
2020-09-15 21:00:00,4373324.0
2020-09-15 22:00:00,3972108.5
2020-09-15 23:00:00,3551249.2
2020-09-16 00:00:00,3197268.2
2020-09-16 01:00:00,2964736.0
2020-09-16 02:00:00,2855868.8
2020-09-16 03:00:00,2882349.2
2020-09-16 04:00:00,3006654.2
2020-09-16 05:00:00,3289962.0
2020-09-16 06:00:00,3594660.0
2020-09-16 07:00:00,3919246.5
2020-09-16 08:00:00,4105811.8
2020-09-16 09:00:00,4227787.0
2020-09-16 10:00:00,4229462.0
2020-09-16 11:00:00,4169181.2
2020-09-16 12:00:00,4096006.8
2020-09-16 13:00:00,4107038.2
2020-09-16 14:00:00,4194979.5
2020-09-16 15:00:00,4393412.0
2020-09-16 16:00:00,4666953.5
2020-09-16 17:00:00,4865383.0
2020-09-16 18:00:00,5008729.0
2020-09-16 19:00:00,4958157.5
2020-09-16 20:00:00,4705688.0
2020-09-16 21:00:00,4388555.0
2020-09-16 22:00:00,3964594.8
2020-09-16 23:00:00,3548955.5
2020-09-17 00:00:00,3210620.8
2020-09-17 01:00:00,2986680.2
2020-09-17 02:00:00,2860477.2
2020-09-17 03:00:00,2890984.8
2020-09-17 04:00:00,3027708.0
2020-09-17 05:00:00,3299849.8
2020-09-17 06:00:00,3640794.0
2020-09-17 07:00:00,3888324.0
2020-09-17 08:00:00,4095423.0
2020-09-17 09:00:00,4216084.0
2020-09-17 10:00:00,4222656.0
2020-09-17 11:00:00,4149152.0
2020-09-17 12:00:00,4059005.8
2020-09-17 13:00:00,4066002.0
2020-09-17 14:00:00,4174587.2
2020-09-17 15:00:00,4376082.0
2020-09-17 16:00:00,4624861.0
2020-09-17 17:00:00,4876747.5
2020-09-17 18:00:00,4991409.0
2020-09-17 19:00:00,4961312.0
2020-09-17 20:00:00,4684680.0
2020-09-17 21:00:00,4340996.0
2020-09-17 22:00:00,3961126.5
2020-09-17 23:00:00,3544772.8
2020-09-18 00:00:00,3191417.2
2020-09-18 01:00:00,2985152.8
2020-09-18 02:00:00,2869783.8
2020-09-18 03:00:00,2888283.8
2020-09-18 04:00:00,3003472.5
2020-09-18 05:00:00,3282404.5
2020-09-18 06:00:00,3578933.0
2020-09-18 07:00:00,3877754.0
2020-09-18 08:00:00,4072484.8
2020-09-18 09:00:00,4184131.5
2020-09-18 10:00:00,4174958.2
2020-09-18 11:00:00,4138372.2
2020-09-18 12:00:00,4070912.0
2020-09-18 13:00:00,4086068.5
2020-09-18 14:00:00,4190950.8
2020-09-18 15:00:00,4399713.5
2020-09-18 16:00:00,4630042.0
2020-09-18 17:00:00,4851242.5
2020-09-18 18:00:00,4968626.0
2020-09-18 19:00:00,4945935.0
2020-09-18 20:00:00,4707748.0
2020-09-18 21:00:00,4359665.0
2020-09-18 22:00:00,3962871.5
2020-09-18 23:00:00,3553273.8
2020-09-19 00:00:00,3171785.2
2020-09-19 01:00:00,2980725.8
2020-09-19 02:00:00,2841951.2
2020-09-19 03:00:00,2894759.8
2020-09-19 04:00:00,3005821.0
2020-09-19 05:00:00,3264795.8
2020-09-19 06:00:00,3605594.2
2020-09-19 07:00:00,3882442.8
2020-09-19 08:00:00,4092533.8
2020-09-19 09:00:00,4233336.5
2020-09-19 10:00:00,4226401.0
2020-09-19 11:00:00,4158779.5
2020-09-19 12:00:00,4103262.0
2020-09-19 13:00:00,4128732.0
2020-09-19 14:00:00,4228407.5
2020-09-19 15:00:00,4408719.0
2020-09-19 16:00:00,4673988.0
2020-09-19 17:00:00,4885985.0
2020-09-19 18:00:00,4973616.0
2020-09-19 19:00:00,4928245.0
2020-09-19 20:00:00,4712403.0
2020-09-19 21:00:00,4383264.5
2020-09-19 22:00:00,4008694.8
2020-09-19 23:00:00,3591136.0
2020-09-20 00:00:00,3238227.5
2020-09-20 01:00:00,2984245.5
2020-09-20 02:00:00,2871010.8
2020-09-20 03:00:00,2898187.8
2020-09-20 04:00:00,3010656.5
2020-09-20 05:00:00,3280438.0
2020-09-20 06:00:00,3614676.2
2020-09-20 07:00:00,3870789.8
2020-09-20 08:00:00,4116630.8
2020-09-20 09:00:00,4252732.5
2020-09-20 10:00:00,4268688.5
2020-09-20 11:00:00,4188313.8
2020-09-20 12:00:00,4100108.2
2020-09-20 13:00:00,4113014.8
2020-09-20 14:00:00,4234365.5
2020-09-20 15:00:00,4420371.5
2020-09-20 16:00:00,4673608.5
2020-09-20 17:00:00,4892533.0
2020-09-20 18:00:00,5011204.5
2020-09-20 19:00:00,4985272.5
2020-09-20 20:00:00,4740729.0
2020-09-20 21:00:00,4375537.0
2020-09-20 22:00:00,3981059.2
2020-09-20 23:00:00,3585164.2
2020-09-21 00:00:00,3212229.8
2020-09-21 01:00:00,2997494.2
2020-09-21 02:00:00,2867933.2
2020-09-21 03:00:00,2889766.8
2020-09-21 04:00:00,3011414.8
2020-09-21 05:00:00,3270575.0
2020-09-21 06:00:00,3612885.2
2020-09-21 07:00:00,3877348.5
2020-09-21 08:00:00,4092020.5
2020-09-21 09:00:00,4240406.0
2020-09-21 10:00:00,4260943.0
2020-09-21 11:00:00,4209526.5
2020-09-21 12:00:00,4128484.5
2020-09-21 13:00:00,4150056.0
2020-09-21 14:00:00,4247206.0
2020-09-21 15:00:00,4439416.0
2020-09-21 16:00:00,4712665.0
2020-09-21 17:00:00,4943313.0
2020-09-21 18:00:00,5046094.0
2020-09-21 19:00:00,5021764.0
2020-09-21 20:00:00,4784000.0
2020-09-21 21:00:00,4408257.0
2020-09-21 22:00:00,4003870.5
2020-09-21 23:00:00,3596400.5
2020-09-22 00:00:00,3230902.8
2020-09-22 01:00:00,2994575.5
2020-09-22 02:00:00,2873736.0
2020-09-22 03:00:00,2906096.2
2020-09-22 04:00:00,3025450.5
2020-09-22 05:00:00,3283227.0
2020-09-22 06:00:00,3636151.2
2020-09-22 07:00:00,3910188.5
2020-09-22 08:00:00,4121255.0
2020-09-22 09:00:00,4244395.0
2020-09-22 10:00:00,4250649.5
2020-09-22 11:00:00,4176900.0
2020-09-22 12:00:00,4114346.8
2020-09-22 13:00:00,4141589.2
2020-09-22 14:00:00,4240115.5
2020-09-22 15:00:00,4426750.0
2020-09-22 16:00:00,4684166.5
2020-09-22 17:00:00,4951419.0
2020-09-22 18:00:00,5052425.0
2020-09-22 19:00:00,5011161.0
2020-09-22 20:00:00,4779365.0
2020-09-22 21:00:00,4414104.5
2020-09-22 22:00:00,3966466.5
2020-09-22 23:00:00,3581084.0
2020-09-23 00:00:00,3223785.2
2020-09-23 01:00:00,2997359.2
2020-09-23 02:00:00,2889079.0
2020-09-23 03:00:00,2900607.0
2020-09-23 04:00:00,3047756.0
2020-09-23 05:00:00,3300394.0
2020-09-23 06:00:00,3599013.2
2020-09-23 07:00:00,3912260.2
2020-09-23 08:00:00,4123697.5
2020-09-23 09:00:00,4258246.5
2020-09-23 10:00:00,4258553.0
2020-09-23 11:00:00,4174942.8
2020-09-23 12:00:00,4111471.0
2020-09-23 13:00:00,4121445.5
2020-09-23 14:00:00,4218580.5
2020-09-23 15:00:00,4435677.5
2020-09-23 16:00:00,4682421.0
2020-09-23 17:00:00,4897719.5
2020-09-23 18:00:00,5019111.5
2020-09-23 19:00:00,4954263.0
2020-09-23 20:00:00,4754611.5
2020-09-23 21:00:00,4366172.0
2020-09-23 22:00:00,3946712.5
2020-09-23 23:00:00,3558630.2
2020-09-24 00:00:00,3200412.8
2020-09-24 01:00:00,2972236.0
2020-09-24 02:00:00,2878083.2
2020-09-24 03:00:00,2872402.0
2020-09-24 04:00:00,3034344.8
2020-09-24 05:00:00,3294777.5
2020-09-24 06:00:00,3585652.2
2020-09-24 07:00:00,3837803.8
2020-09-24 08:00:00,4072844.0
2020-09-24 09:00:00,4218881.5
2020-09-24 10:00:00,4221193.0
2020-09-24 11:00:00,4141669.8
2020-09-24 12:00:00,4066273.2
2020-09-24 13:00:00,4069377.0
2020-09-24 14:00:00,4199073.0
2020-09-24 15:00:00,4376782.5
2020-09-24 16:00:00,4621014.5
2020-09-24 17:00:00,4874811.0
2020-09-24 18:00:00,5008724.5
2020-09-24 19:00:00,4964982.0
2020-09-24 20:00:00,4728303.0
2020-09-24 21:00:00,4358975.0
2020-09-24 22:00:00,3952184.0
2020-09-24 23:00:00,3537070.0
2020-09-25 00:00:00,3242832.8
2020-09-25 01:00:00,3027172.0
2020-09-25 02:00:00,2894600.8
2020-09-25 03:00:00,2886198.0
2020-09-25 04:00:00,3045876.0
2020-09-25 05:00:00,3282331.0
2020-09-25 06:00:00,3579531.2
2020-09-25 07:00:00,3846387.2
2020-09-25 08:00:00,4087720.8
2020-09-25 09:00:00,4241567.0
2020-09-25 10:00:00,4236748.0
2020-09-25 11:00:00,4179681.8
2020-09-25 12:00:00,4115289.0
2020-09-25 13:00:00,4120712.5
2020-09-25 14:00:00,4220415.0
2020-09-25 15:00:00,4422820.5
2020-09-25 16:00:00,4672143.0
2020-09-25 17:00:00,4893511.0
2020-09-25 18:00:00,5020886.5
2020-09-25 19:00:00,4973811.5
2020-09-25 20:00:00,4719631.0
2020-09-25 21:00:00,4368959.0
2020-09-25 22:00:00,3942014.5
2020-09-25 23:00:00,3548199.8
2020-09-26 00:00:00,3231378.5
2020-09-26 01:00:00,2996497.0
2020-09-26 02:00:00,2887989.0
2020-09-26 03:00:00,2912012.8
2020-09-26 04:00:00,3028745.5
2020-09-26 05:00:00,3292579.2
2020-09-26 06:00:00,3589464.8
2020-09-26 07:00:00,3876836.2
2020-09-26 08:00:00,4123698.5
2020-09-26 09:00:00,4249101.0
2020-09-26 10:00:00,4225676.0
2020-09-26 11:00:00,4188598.8
2020-09-26 12:00:00,4134937.0
2020-09-26 13:00:00,4127471.0
2020-09-26 14:00:00,4257675.0
2020-09-26 15:00:00,4441072.0
2020-09-26 16:00:00,4700204.5
2020-09-26 17:00:00,4903810.5
2020-09-26 18:00:00,5049923.0
2020-09-26 19:00:00,4972745.0
2020-09-26 20:00:00,4756933.5
2020-09-26 21:00:00,4411701.0
2020-09-26 22:00:00,3980746.2
2020-09-26 23:00:00,3562116.0
2020-09-27 00:00:00,3214148.0
2020-09-27 01:00:00,2993391.8
2020-09-27 02:00:00,2859305.8
2020-09-27 03:00:00,2878968.8
2020-09-27 04:00:00,3032459.2
2020-09-27 05:00:00,3275863.0
2020-09-27 06:00:00,3573825.2
2020-09-27 07:00:00,3868210.5
2020-09-27 08:00:00,4094034.8
2020-09-27 09:00:00,4261349.5
2020-09-27 10:00:00,4285064.5
2020-09-27 11:00:00,4189701.0
2020-09-27 12:00:00,4134681.8
2020-09-27 13:00:00,4123499.8
2020-09-27 14:00:00,4248782.0
2020-09-27 15:00:00,4443596.0
2020-09-27 16:00:00,4717394.0
2020-09-27 17:00:00,4950254.0
2020-09-27 18:00:00,5077192.0
2020-09-27 19:00:00,5050614.5
2020-09-27 20:00:00,4806410.0
2020-09-27 21:00:00,4426247.5
2020-09-27 22:00:00,3968909.0
2020-09-27 23:00:00,3588149.2
2020-09-28 00:00:00,3241121.2
2020-09-28 01:00:00,2993726.8
2020-09-28 02:00:00,2866117.2
2020-09-28 03:00:00,2879446.0
2020-09-28 04:00:00,3022540.0
2020-09-28 05:00:00,3299619.0
2020-09-28 06:00:00,3609232.8
2020-09-28 07:00:00,3865986.5
2020-09-28 08:00:00,4112165.5
2020-09-28 09:00:00,4264439.0
2020-09-28 10:00:00,4265512.5
2020-09-28 11:00:00,4203343.5
2020-09-28 12:00:00,4141937.5
2020-09-28 13:00:00,4171839.5
2020-09-28 14:00:00,4256191.0
2020-09-28 15:00:00,4467518.0
2020-09-28 16:00:00,4737376.5
2020-09-28 17:00:00,4935053.0
2020-09-28 18:00:00,5096284.5
2020-09-28 19:00:00,5059237.0
2020-09-28 20:00:00,4812370.5
2020-09-28 21:00:00,4477093.0
2020-09-28 22:00:00,4024895.0
2020-09-28 23:00:00,3601793.2
2020-09-29 00:00:00,3253257.0
2020-09-29 01:00:00,2978215.5
2020-09-29 02:00:00,2884952.0
2020-09-29 03:00:00,2910973.5
2020-09-29 04:00:00,3050597.0
2020-09-29 05:00:00,3310576.5
2020-09-29 06:00:00,3608638.0
2020-09-29 07:00:00,3913894.5
2020-09-29 08:00:00,4117528.8
2020-09-29 09:00:00,4269744.0
2020-09-29 10:00:00,4302143.5
2020-09-29 11:00:00,4233715.0
2020-09-29 12:00:00,4190765.5
2020-09-29 13:00:00,4168624.0
2020-09-29 14:00:00,4254492.5
2020-09-29 15:00:00,4440923.5
2020-09-29 16:00:00,4721140.5
2020-09-29 17:00:00,4927749.0
2020-09-29 18:00:00,5062064.0
2020-09-29 19:00:00,5028297.0
2020-09-29 20:00:00,4806256.0
2020-09-29 21:00:00,4436162.0
2020-09-29 22:00:00,4008752.2
2020-09-29 23:00:00,3609009.0
2020-09-30 00:00:00,3242728.8
2020-09-30 01:00:00,2986138.8
2020-09-30 02:00:00,2876009.2
2020-09-30 03:00:00,2911132.0
2020-09-30 04:00:00,3048797.8
2020-09-30 05:00:00,3289485.0
2020-09-30 06:00:00,3590060.5
2020-09-30 07:00:00,3915477.5
2020-09-30 08:00:00,4125405.2
2020-09-30 09:00:00,4251027.0
2020-09-30 10:00:00,4265879.5
2020-09-30 11:00:00,4201583.0
2020-09-30 12:00:00,4131543.8
2020-09-30 13:00:00,4153415.8
2020-09-30 14:00:00,4235095.0
2020-09-30 15:00:00,4440118.0
2020-09-30 16:00:00,4697329.0
2020-09-30 17:00:00,4937477.5
2020-09-30 18:00:00,5052651.0
2020-09-30 19:00:00,5007824.5
2020-09-30 20:00:00,4799037.0
2020-09-30 21:00:00,4423912.0
2020-09-30 22:00:00,4005103.8
2020-09-30 23:00:00,3598097.2
2020-10-01 00:00:00,3249775.8
2020-10-01 01:00:00,3018017.2
2020-10-01 02:00:00,2891787.5
2020-10-01 03:00:00,2923900.8
2020-10-01 04:00:00,3063470.5
2020-10-01 05:00:00,3316190.8
2020-10-01 06:00:00,3585047.2
2020-10-01 07:00:00,3880040.8
2020-10-01 08:00:00,4102993.0
2020-10-01 09:00:00,4266844.5
2020-10-01 10:00:00,4283307.0
2020-10-01 11:00:00,4221656.0
2020-10-01 12:00:00,4132270.5
2020-10-01 13:00:00,4155042.0
2020-10-01 14:00:00,4238144.0
2020-10-01 15:00:00,4450484.0
2020-10-01 16:00:00,4701206.0
2020-10-01 17:00:00,4940531.0
2020-10-01 18:00:00,5077956.5
2020-10-01 19:00:00,5016607.5
2020-10-01 20:00:00,4799253.5
2020-10-01 21:00:00,4431559.0
2020-10-01 22:00:00,4021607.0
2020-10-01 23:00:00,3608150.8
2020-10-02 00:00:00,3271696.5
2020-10-02 01:00:00,3019505.8
2020-10-02 02:00:00,2908328.5
2020-10-02 03:00:00,2923717.8
2020-10-02 04:00:00,3075646.5
2020-10-02 05:00:00,3332559.5
2020-10-02 06:00:00,3623125.0
2020-10-02 07:00:00,3903830.0
2020-10-02 08:00:00,4091630.2
2020-10-02 09:00:00,4241593.0
2020-10-02 10:00:00,4264698.0
2020-10-02 11:00:00,4214939.0
2020-10-02 12:00:00,4153097.0
2020-10-02 13:00:00,4164315.2
2020-10-02 14:00:00,4256507.0
2020-10-02 15:00:00,4405231.0
2020-10-02 16:00:00,4677823.5
2020-10-02 17:00:00,4934204.0
2020-10-02 18:00:00,5043960.0
2020-10-02 19:00:00,4965492.0
2020-10-02 20:00:00,4762324.5
2020-10-02 21:00:00,4403778.5
2020-10-02 22:00:00,3993994.5
2020-10-02 23:00:00,3574329.0
2020-10-03 00:00:00,3268961.0
2020-10-03 01:00:00,2996152.8
2020-10-03 02:00:00,2895274.5
2020-10-03 03:00:00,2918731.2
2020-10-03 04:00:00,3051431.8
2020-10-03 05:00:00,3296118.0
2020-10-03 06:00:00,3612747.5
2020-10-03 07:00:00,3901585.0
2020-10-03 08:00:00,4130571.2
2020-10-03 09:00:00,4239504.5
2020-10-03 10:00:00,4277625.5
2020-10-03 11:00:00,4218273.5
2020-10-03 12:00:00,4178207.5
2020-10-03 13:00:00,4166147.2
2020-10-03 14:00:00,4237637.5
2020-10-03 15:00:00,4437867.0
2020-10-03 16:00:00,4718754.0
2020-10-03 17:00:00,4925055.0
2020-10-03 18:00:00,5061183.5
2020-10-03 19:00:00,5006878.0
2020-10-03 20:00:00,4763922.5
2020-10-03 21:00:00,4410027.5
2020-10-03 22:00:00,3981492.5
2020-10-03 23:00:00,3594535.8
2020-10-04 00:00:00,3259760.0
2020-10-04 01:00:00,3003542.8
2020-10-04 02:00:00,2937150.8
2020-10-04 03:00:00,2917528.2
2020-10-04 04:00:00,3063363.5
2020-10-04 05:00:00,3315377.8
2020-10-04 06:00:00,3586806.0
2020-10-04 07:00:00,3901241.2
2020-10-04 08:00:00,4103489.5
2020-10-04 09:00:00,4278813.5
2020-10-04 10:00:00,4272477.5
2020-10-04 11:00:00,4222998.0
2020-10-04 12:00:00,4137556.0
2020-10-04 13:00:00,4130751.5
2020-10-04 14:00:00,4249400.5
2020-10-04 15:00:00,4448042.0
2020-10-04 16:00:00,4734365.0
2020-10-04 17:00:00,4965434.5
2020-10-04 18:00:00,5087603.0
2020-10-04 19:00:00,5015878.5
2020-10-04 20:00:00,4786762.0
2020-10-04 21:00:00,4440401.0
2020-10-04 22:00:00,4003155.5
2020-10-04 23:00:00,3634018.2
2020-10-05 00:00:00,3266074.8
2020-10-05 01:00:00,2994684.5
2020-10-05 02:00:00,2895157.2
2020-10-05 03:00:00,2922169.2
2020-10-05 04:00:00,3043321.0
2020-10-05 05:00:00,3289442.5
2020-10-05 06:00:00,3596051.2
2020-10-05 07:00:00,3891541.2
2020-10-05 08:00:00,4100588.0
2020-10-05 09:00:00,4273338.0
2020-10-05 10:00:00,4290139.0
2020-10-05 11:00:00,4229344.0
2020-10-05 12:00:00,4142474.5
2020-10-05 13:00:00,4155970.2
2020-10-05 14:00:00,4255433.5
2020-10-05 15:00:00,4464614.0
2020-10-05 16:00:00,4712762.5
2020-10-05 17:00:00,4953094.0
2020-10-05 18:00:00,5084091.0
2020-10-05 19:00:00,5025914.0
2020-10-05 20:00:00,4833495.0
2020-10-05 21:00:00,4458002.5
2020-10-05 22:00:00,4026486.2
2020-10-05 23:00:00,3625030.2
2020-10-06 00:00:00,3270470.0
2020-10-06 01:00:00,3018456.2
2020-10-06 02:00:00,2911915.2
2020-10-06 03:00:00,2921811.5
2020-10-06 04:00:00,3067706.8
2020-10-06 05:00:00,3318949.8
2020-10-06 06:00:00,3621187.5
2020-10-06 07:00:00,3903158.8
2020-10-06 08:00:00,4139294.8
2020-10-06 09:00:00,4265553.0
2020-10-06 10:00:00,4277372.0
2020-10-06 11:00:00,4205706.0
2020-10-06 12:00:00,4149498.5
2020-10-06 13:00:00,4126264.5
2020-10-06 14:00:00,4202780.0
2020-10-06 15:00:00,4397776.0
2020-10-06 16:00:00,4664886.5
2020-10-06 17:00:00,4919837.5
2020-10-06 18:00:00,5043827.0
2020-10-06 19:00:00,5003293.5
2020-10-06 20:00:00,4770327.5
2020-10-06 21:00:00,4427857.0
2020-10-06 22:00:00,3985030.5
2020-10-06 23:00:00,3585180.2
2020-10-07 00:00:00,3232756.0
2020-10-07 01:00:00,2989485.0
2020-10-07 02:00:00,2914181.0
2020-10-07 03:00:00,2908829.8
2020-10-07 04:00:00,3078768.5
2020-10-07 05:00:00,3302289.0
2020-10-07 06:00:00,3584748.0
2020-10-07 07:00:00,3889444.8
2020-10-07 08:00:00,4101317.8
2020-10-07 09:00:00,4249403.0
2020-10-07 10:00:00,4243681.5
2020-10-07 11:00:00,4178188.2
2020-10-07 12:00:00,4116874.0
2020-10-07 13:00:00,4129040.8
2020-10-07 14:00:00,4219343.0
2020-10-07 15:00:00,4427255.0
2020-10-07 16:00:00,4668662.5
2020-10-07 17:00:00,4887253.0
2020-10-07 18:00:00,5011847.0
2020-10-07 19:00:00,4990101.0
2020-10-07 20:00:00,4773701.0
2020-10-07 21:00:00,4428329.5
2020-10-07 22:00:00,4017791.5
2020-10-07 23:00:00,3590834.0
2020-10-08 00:00:00,3256271.0
2020-10-08 01:00:00,3010180.8
2020-10-08 02:00:00,2922482.8
2020-10-08 03:00:00,2906662.2
2020-10-08 04:00:00,3073922.2
2020-10-08 05:00:00,3313845.2
2020-10-08 06:00:00,3599663.2
2020-10-08 07:00:00,3882758.0
2020-10-08 08:00:00,4096594.8
2020-10-08 09:00:00,4220364.5
2020-10-08 10:00:00,4272163.0
2020-10-08 11:00:00,4174458.0
2020-10-08 12:00:00,4124515.2
2020-10-08 13:00:00,4119610.2
2020-10-08 14:00:00,4168624.5
2020-10-08 15:00:00,4349423.5
2020-10-08 16:00:00,4635027.5
2020-10-08 17:00:00,4865035.5
2020-10-08 18:00:00,5003566.0
2020-10-08 19:00:00,4965311.0
2020-10-08 20:00:00,4731261.0
2020-10-08 21:00:00,4414171.5
2020-10-08 22:00:00,3987832.8
2020-10-08 23:00:00,3575537.0
2020-10-09 00:00:00,3244297.8
2020-10-09 01:00:00,3003445.8
2020-10-09 02:00:00,2892002.8
2020-10-09 03:00:00,2915039.5
2020-10-09 04:00:00,3051416.0
2020-10-09 05:00:00,3300361.2
2020-10-09 06:00:00,3579228.5
2020-10-09 07:00:00,3876274.8
2020-10-09 08:00:00,4058417.0
2020-10-09 09:00:00,4193886.0
2020-10-09 10:00:00,4214756.0
2020-10-09 11:00:00,4167830.5
2020-10-09 12:00:00,4078808.0
2020-10-09 13:00:00,4096377.5
2020-10-09 14:00:00,4177794.8
2020-10-09 15:00:00,4351256.5
2020-10-09 16:00:00,4603159.5
2020-10-09 17:00:00,4847553.0
2020-10-09 18:00:00,4971940.0
2020-10-09 19:00:00,4966974.5
2020-10-09 20:00:00,4737317.0
2020-10-09 21:00:00,4425174.5
2020-10-09 22:00:00,3987881.5
2020-10-09 23:00:00,3564349.8
2020-10-10 00:00:00,3226949.8
2020-10-10 01:00:00,3003927.0
2020-10-10 02:00:00,2891086.5
2020-10-10 03:00:00,2877362.5
2020-10-10 04:00:00,3022984.0
2020-10-10 05:00:00,3248128.8
2020-10-10 06:00:00,3561806.8
2020-10-10 07:00:00,3848293.0
2020-10-10 08:00:00,4058012.5
2020-10-10 09:00:00,4199473.5
2020-10-10 10:00:00,4242079.5
2020-10-10 11:00:00,4161768.5
2020-10-10 12:00:00,4135717.8
2020-10-10 13:00:00,4149015.2
2020-10-10 14:00:00,4235913.0
2020-10-10 15:00:00,4418745.0
2020-10-10 16:00:00,4659810.0
2020-10-10 17:00:00,4871516.0
2020-10-10 18:00:00,4991518.5
2020-10-10 19:00:00,4935512.5
2020-10-10 20:00:00,4742989.0
2020-10-10 21:00:00,4447563.5
2020-10-10 22:00:00,4025310.0
2020-10-10 23:00:00,3585870.0
2020-10-11 00:00:00,3253636.0
2020-10-11 01:00:00,3009873.0
2020-10-11 02:00:00,2883528.2
2020-10-11 03:00:00,2886133.8
2020-10-11 04:00:00,3035127.8
2020-10-11 05:00:00,3271035.2
2020-10-11 06:00:00,3567478.0
2020-10-11 07:00:00,3850481.8
2020-10-11 08:00:00,4080914.0
2020-10-11 09:00:00,4179809.2
2020-10-11 10:00:00,4209908.5
2020-10-11 11:00:00,4173088.8
2020-10-11 12:00:00,4140981.8
2020-10-11 13:00:00,4132451.0
2020-10-11 14:00:00,4234908.0
2020-10-11 15:00:00,4395751.0
2020-10-11 16:00:00,4663292.5
2020-10-11 17:00:00,4878979.0
2020-10-11 18:00:00,4996804.5
2020-10-11 19:00:00,4942621.0
2020-10-11 20:00:00,4768505.5
2020-10-11 21:00:00,4452844.5
2020-10-11 22:00:00,4014553.5
2020-10-11 23:00:00,3602775.5
2020-10-12 00:00:00,3258814.5
2020-10-12 01:00:00,3021351.2
2020-10-12 02:00:00,2881084.2
2020-10-12 03:00:00,2886943.2
2020-10-12 04:00:00,3022566.0
2020-10-12 05:00:00,3253117.8
2020-10-12 06:00:00,3540495.2
2020-10-12 07:00:00,3831306.0
2020-10-12 08:00:00,4056545.5
2020-10-12 09:00:00,4213003.0
2020-10-12 10:00:00,4239937.0
2020-10-12 11:00:00,4198269.0
2020-10-12 12:00:00,4142748.8
2020-10-12 13:00:00,4140361.2
2020-10-12 14:00:00,4233136.0
2020-10-12 15:00:00,4409248.0
2020-10-12 16:00:00,4675917.0
2020-10-12 17:00:00,4905384.0
2020-10-12 18:00:00,4997654.5
2020-10-12 19:00:00,4940095.5
2020-10-12 20:00:00,4709303.0
2020-10-12 21:00:00,4400781.5
2020-10-12 22:00:00,4006792.0
2020-10-12 23:00:00,3587537.8
2020-10-13 00:00:00,3258558.2
2020-10-13 01:00:00,2994250.8
2020-10-13 02:00:00,2873784.8
2020-10-13 03:00:00,2899633.8
2020-10-13 04:00:00,3032034.8
2020-10-13 05:00:00,3263798.2
2020-10-13 06:00:00,3586348.8
2020-10-13 07:00:00,3848756.8
2020-10-13 08:00:00,4060649.8
2020-10-13 09:00:00,4216745.5
2020-10-13 10:00:00,4233201.5
2020-10-13 11:00:00,4183978.0
2020-10-13 12:00:00,4155281.2
2020-10-13 13:00:00,4111092.5
2020-10-13 14:00:00,4207440.5
2020-10-13 15:00:00,4402248.0
2020-10-13 16:00:00,4665704.5
2020-10-13 17:00:00,4867828.0
2020-10-13 18:00:00,4968278.0
2020-10-13 19:00:00,4940438.5
2020-10-13 20:00:00,4708875.0
2020-10-13 21:00:00,4365017.5
2020-10-13 22:00:00,3970969.2
2020-10-13 23:00:00,3559260.8
2020-10-14 00:00:00,3250051.5
2020-10-14 01:00:00,2993476.8
2020-10-14 02:00:00,2862744.5
2020-10-14 03:00:00,2872840.8
2020-10-14 04:00:00,3005968.0
2020-10-14 05:00:00,3263011.8
2020-10-14 06:00:00,3568057.0
2020-10-14 07:00:00,3852255.5
2020-10-14 08:00:00,4058389.2
2020-10-14 09:00:00,4188707.2
2020-10-14 10:00:00,4212453.5
2020-10-14 11:00:00,4181898.0
2020-10-14 12:00:00,4119754.0
2020-10-14 13:00:00,4152391.8
2020-10-14 14:00:00,4215531.5
2020-10-14 15:00:00,4385830.5
2020-10-14 16:00:00,4646580.0
2020-10-14 17:00:00,4827462.0
2020-10-14 18:00:00,4962392.5
2020-10-14 19:00:00,4910924.0
2020-10-14 20:00:00,4711543.0
2020-10-14 21:00:00,4374296.5
2020-10-14 22:00:00,3965192.2
2020-10-14 23:00:00,3545812.0
2020-10-15 00:00:00,3186640.5
2020-10-15 01:00:00,2964062.5
2020-10-15 02:00:00,2851407.2
2020-10-15 03:00:00,2853166.8
2020-10-15 04:00:00,3009252.2
2020-10-15 05:00:00,3246155.8
2020-10-15 06:00:00,3527807.5
2020-10-15 07:00:00,3807274.5
2020-10-15 08:00:00,4024687.5
2020-10-15 09:00:00,4147005.5
2020-10-15 10:00:00,4175688.2
2020-10-15 11:00:00,4137324.8
2020-10-15 12:00:00,4075044.5
2020-10-15 13:00:00,4084465.8
2020-10-15 14:00:00,4178537.8
2020-10-15 15:00:00,4343585.0
2020-10-15 16:00:00,4568674.0
2020-10-15 17:00:00,4798693.5
2020-10-15 18:00:00,4927338.5
2020-10-15 19:00:00,4909930.5
2020-10-15 20:00:00,4705389.0
2020-10-15 21:00:00,4358449.5
2020-10-15 22:00:00,3969829.2
2020-10-15 23:00:00,3564336.8
2020-10-16 00:00:00,3215250.0
2020-10-16 01:00:00,2967299.5
2020-10-16 02:00:00,2856623.0
2020-10-16 03:00:00,2860870.5
2020-10-16 04:00:00,2994741.2
2020-10-16 05:00:00,3220214.5
2020-10-16 06:00:00,3490940.8
2020-10-16 07:00:00,3806258.2
2020-10-16 08:00:00,3989599.5
2020-10-16 09:00:00,4127467.5
2020-10-16 10:00:00,4167171.2
2020-10-16 11:00:00,4138303.5
2020-10-16 12:00:00,4088432.2
2020-10-16 13:00:00,4079692.5
2020-10-16 14:00:00,4158987.8
2020-10-16 15:00:00,4307682.5
2020-10-16 16:00:00,4565559.0
2020-10-16 17:00:00,4787171.5
2020-10-16 18:00:00,4920217.0
2020-10-16 19:00:00,4899793.0
2020-10-16 20:00:00,4691665.5
2020-10-16 21:00:00,4357358.5
2020-10-16 22:00:00,3973266.2
2020-10-16 23:00:00,3570251.0
2020-10-17 00:00:00,3200964.0
2020-10-17 01:00:00,2958610.2
2020-10-17 02:00:00,2835228.0
2020-10-17 03:00:00,2814124.2
2020-10-17 04:00:00,2962898.0
2020-10-17 05:00:00,3199650.8
2020-10-17 06:00:00,3498247.8
2020-10-17 07:00:00,3758494.5
2020-10-17 08:00:00,3984428.8
2020-10-17 09:00:00,4138328.2
2020-10-17 10:00:00,4160335.5
2020-10-17 11:00:00,4125514.2
2020-10-17 12:00:00,4102101.0
2020-10-17 13:00:00,4106966.0
2020-10-17 14:00:00,4190657.0
2020-10-17 15:00:00,4356448.5
2020-10-17 16:00:00,4579560.5
2020-10-17 17:00:00,4816496.5
2020-10-17 18:00:00,4938605.0
2020-10-17 19:00:00,4901881.5
2020-10-17 20:00:00,4710570.5
2020-10-17 21:00:00,4366329.5
2020-10-17 22:00:00,3972489.0
2020-10-17 23:00:00,3576786.8
2020-10-18 00:00:00,3216169.0
2020-10-18 01:00:00,2934777.5
2020-10-18 02:00:00,2848540.2
2020-10-18 03:00:00,2830864.5
2020-10-18 04:00:00,2950809.2
2020-10-18 05:00:00,3176129.0
2020-10-18 06:00:00,3480527.8
2020-10-18 07:00:00,3755498.2
2020-10-18 08:00:00,3969092.8
2020-10-18 09:00:00,4119984.8
2020-10-18 10:00:00,4145004.0
2020-10-18 11:00:00,4109481.0
2020-10-18 12:00:00,4079484.5
2020-10-18 13:00:00,4106586.5
2020-10-18 14:00:00,4170541.2
2020-10-18 15:00:00,4336315.0
2020-10-18 16:00:00,4587835.5
2020-10-18 17:00:00,4803465.0
2020-10-18 18:00:00,4903469.0
2020-10-18 19:00:00,4885382.5
2020-10-18 20:00:00,4697132.0
2020-10-18 21:00:00,4362988.0
2020-10-18 22:00:00,3963602.0
2020-10-18 23:00:00,3553360.0
2020-10-19 00:00:00,3194716.8
2020-10-19 01:00:00,2934335.5
2020-10-19 02:00:00,2798975.2
2020-10-19 03:00:00,2787025.0
2020-10-19 04:00:00,2949729.8
2020-10-19 05:00:00,3169989.8
2020-10-19 06:00:00,3453402.2
2020-10-19 07:00:00,3747090.2
2020-10-19 08:00:00,3966001.2
2020-10-19 09:00:00,4103062.0
2020-10-19 10:00:00,4149983.0
2020-10-19 11:00:00,4136852.2
2020-10-19 12:00:00,4081378.2
2020-10-19 13:00:00,4085724.2
2020-10-19 14:00:00,4185550.0
2020-10-19 15:00:00,4348023.0
2020-10-19 16:00:00,4561793.5
2020-10-19 17:00:00,4800801.0
2020-10-19 18:00:00,4926731.5
2020-10-19 19:00:00,4885387.5
2020-10-19 20:00:00,4696610.5
2020-10-19 21:00:00,4362968.5
2020-10-19 22:00:00,3950152.8
2020-10-19 23:00:00,3568780.0
2020-10-20 00:00:00,3220576.8
2020-10-20 01:00:00,2926193.0
2020-10-20 02:00:00,2799442.2
2020-10-20 03:00:00,2805250.2
2020-10-20 04:00:00,2929281.8
2020-10-20 05:00:00,3174933.2
2020-10-20 06:00:00,3485974.0
2020-10-20 07:00:00,3759142.0
2020-10-20 08:00:00,3991661.5
2020-10-20 09:00:00,4117352.5
2020-10-20 10:00:00,4145814.8
2020-10-20 11:00:00,4112993.2
2020-10-20 12:00:00,4054712.0
2020-10-20 13:00:00,4074624.2
2020-10-20 14:00:00,4167640.5
2020-10-20 15:00:00,4332288.5
2020-10-20 16:00:00,4542833.0
2020-10-20 17:00:00,4766314.0
2020-10-20 18:00:00,4904561.5
2020-10-20 19:00:00,4867806.5
2020-10-20 20:00:00,4659012.5
2020-10-20 21:00:00,4353085.5
2020-10-20 22:00:00,3931476.0
2020-10-20 23:00:00,3520013.2
2020-10-21 00:00:00,3157199.8
2020-10-21 01:00:00,2913199.5
2020-10-21 02:00:00,2773271.0
2020-10-21 03:00:00,2768713.5
2020-10-21 04:00:00,2939072.8
2020-10-21 05:00:00,3164099.5
2020-10-21 06:00:00,3453574.2
2020-10-21 07:00:00,3740641.2
2020-10-21 08:00:00,3963770.8
2020-10-21 09:00:00,4118210.2
2020-10-21 10:00:00,4125986.5
2020-10-21 11:00:00,4086333.8
2020-10-21 12:00:00,4028385.8
2020-10-21 13:00:00,4054076.2
2020-10-21 14:00:00,4150864.2
2020-10-21 15:00:00,4344893.5
2020-10-21 16:00:00,4545420.5
2020-10-21 17:00:00,4773451.5
2020-10-21 18:00:00,4869396.0
2020-10-21 19:00:00,4839145.0
2020-10-21 20:00:00,4654097.0
2020-10-21 21:00:00,4346450.5
2020-10-21 22:00:00,3923667.2
2020-10-21 23:00:00,3496668.8
2020-10-22 00:00:00,3157056.0
2020-10-22 01:00:00,2905306.8
2020-10-22 02:00:00,2781019.0
2020-10-22 03:00:00,2762543.2
2020-10-22 04:00:00,2914207.5
2020-10-22 05:00:00,3165835.8
2020-10-22 06:00:00,3473132.5
2020-10-22 07:00:00,3729370.2
2020-10-22 08:00:00,3922484.0
2020-10-22 09:00:00,4073266.5
2020-10-22 10:00:00,4096693.2
2020-10-22 11:00:00,4050948.0
2020-10-22 12:00:00,4022886.0
2020-10-22 13:00:00,4035202.2
2020-10-22 14:00:00,4156217.5
2020-10-22 15:00:00,4328308.0
2020-10-22 16:00:00,4558125.5
2020-10-22 17:00:00,4771871.5
2020-10-22 18:00:00,4895167.5
2020-10-22 19:00:00,4861333.0
2020-10-22 20:00:00,4627659.5
2020-10-22 21:00:00,4317261.0
2020-10-22 22:00:00,3896368.5
2020-10-22 23:00:00,3483695.0
2020-10-23 00:00:00,3152581.0
2020-10-23 01:00:00,2892709.0
2020-10-23 02:00:00,2749177.2
2020-10-23 03:00:00,2748583.2
2020-10-23 04:00:00,2890965.8
2020-10-23 05:00:00,3136626.8
2020-10-23 06:00:00,3434372.0
2020-10-23 07:00:00,3711517.0
2020-10-23 08:00:00,3931207.2
2020-10-23 09:00:00,4063835.2
2020-10-23 10:00:00,4091269.2
2020-10-23 11:00:00,4085416.5
2020-10-23 12:00:00,4020984.8
2020-10-23 13:00:00,4020284.8
2020-10-23 14:00:00,4099996.5
2020-10-23 15:00:00,4255140.5
2020-10-23 16:00:00,4511832.0
2020-10-23 17:00:00,4748925.5
2020-10-23 18:00:00,4880185.5
2020-10-23 19:00:00,4864364.5
2020-10-23 20:00:00,4674900.5
2020-10-23 21:00:00,4335210.5
2020-10-23 22:00:00,3914435.8
2020-10-23 23:00:00,3496930.0
2020-10-24 00:00:00,3126525.8
2020-10-24 01:00:00,2848872.0
2020-10-24 02:00:00,2720512.5
2020-10-24 03:00:00,2732150.2
2020-10-24 04:00:00,2878152.2
2020-10-24 05:00:00,3141611.0
2020-10-24 06:00:00,3409029.2
2020-10-24 07:00:00,3685486.8
2020-10-24 08:00:00,3901684.8
2020-10-24 09:00:00,4057980.8
2020-10-24 10:00:00,4086753.0
2020-10-24 11:00:00,4036931.0
2020-10-24 12:00:00,3996769.5
2020-10-24 13:00:00,4001964.2
2020-10-24 14:00:00,4081079.2
2020-10-24 15:00:00,4285212.5
2020-10-24 16:00:00,4514265.5
2020-10-24 17:00:00,4725988.0
2020-10-24 18:00:00,4852238.5
2020-10-24 19:00:00,4842624.5
2020-10-24 20:00:00,4647349.5
2020-10-24 21:00:00,4322462.0
2020-10-24 22:00:00,3898016.0
2020-10-24 23:00:00,3474653.2
2020-10-25 00:00:00,3116213.8
2020-10-25 01:00:00,2844675.5
2020-10-25 02:00:00,2716336.2
2020-10-25 03:00:00,2706502.5
2020-10-25 04:00:00,2845087.0
2020-10-25 05:00:00,3089564.2
2020-10-25 06:00:00,3405080.5
2020-10-25 07:00:00,3674602.5
2020-10-25 08:00:00,3898353.2
2020-10-25 09:00:00,4054388.0
2020-10-25 10:00:00,4071703.8
2020-10-25 11:00:00,4029777.2
2020-10-25 12:00:00,4001695.8
2020-10-25 13:00:00,4004676.0
2020-10-25 14:00:00,4132256.0
2020-10-25 15:00:00,4318205.5
2020-10-25 16:00:00,4538367.5
2020-10-25 17:00:00,4751824.5
2020-10-25 18:00:00,4870795.5
2020-10-25 19:00:00,4817523.0
2020-10-25 20:00:00,4597376.0
2020-10-25 21:00:00,4282749.0
2020-10-25 22:00:00,3889379.8
2020-10-25 23:00:00,3487793.8
2020-10-26 00:00:00,3124840.0
2020-10-26 01:00:00,2868507.0
2020-10-26 02:00:00,2721392.2
2020-10-26 03:00:00,2691340.2
2020-10-26 04:00:00,2849563.2
2020-10-26 05:00:00,3095213.2
2020-10-26 06:00:00,3393200.8
2020-10-26 07:00:00,3651879.5
2020-10-26 08:00:00,3891798.0
2020-10-26 09:00:00,4030914.0
2020-10-26 10:00:00,4057423.2
2020-10-26 11:00:00,4014058.0
2020-10-26 12:00:00,3986669.2
2020-10-26 13:00:00,3997790.0
2020-10-26 14:00:00,4119779.0
2020-10-26 15:00:00,4322788.0
2020-10-26 16:00:00,4567151.5
2020-10-26 17:00:00,4766760.5
2020-10-26 18:00:00,4872217.5
2020-10-26 19:00:00,4831896.5
2020-10-26 20:00:00,4624604.0
2020-10-26 21:00:00,4288765.0
2020-10-26 22:00:00,3871045.5
2020-10-26 23:00:00,3460483.0
2020-10-27 00:00:00,3118242.0
2020-10-27 01:00:00,2863048.0
2020-10-27 02:00:00,2732557.8
2020-10-27 03:00:00,2683724.8
2020-10-27 04:00:00,2846109.8
2020-10-27 05:00:00,3091756.2
2020-10-27 06:00:00,3391598.8
2020-10-27 07:00:00,3667949.2
2020-10-27 08:00:00,3910221.0
2020-10-27 09:00:00,4027071.5
2020-10-27 10:00:00,4072188.8
2020-10-27 11:00:00,4012586.0
2020-10-27 12:00:00,4008118.2
2020-10-27 13:00:00,4014316.0
2020-10-27 14:00:00,4113066.2
2020-10-27 15:00:00,4290840.5
2020-10-27 16:00:00,4559804.5
2020-10-27 17:00:00,4740949.0
2020-10-27 18:00:00,4855946.0
2020-10-27 19:00:00,4841769.5
2020-10-27 20:00:00,4607205.0
2020-10-27 21:00:00,4258501.5
2020-10-27 22:00:00,3859189.0
2020-10-27 23:00:00,3449201.8
2020-10-28 00:00:00,3103268.8
2020-10-28 01:00:00,2854487.8
2020-10-28 02:00:00,2687079.2
2020-10-28 03:00:00,2676124.5
2020-10-28 04:00:00,2826890.5
2020-10-28 05:00:00,3067741.8
2020-10-28 06:00:00,3381192.0
2020-10-28 07:00:00,3657120.5
2020-10-28 08:00:00,3897940.0
2020-10-28 09:00:00,4028706.8
2020-10-28 10:00:00,4026465.5
2020-10-28 11:00:00,4026615.0
2020-10-28 12:00:00,3964275.0
2020-10-28 13:00:00,3976498.8
2020-10-28 14:00:00,4075381.8
2020-10-28 15:00:00,4262181.0
2020-10-28 16:00:00,4520902.5
2020-10-28 17:00:00,4715578.0
2020-10-28 18:00:00,4827314.5
2020-10-28 19:00:00,4802947.0
2020-10-28 20:00:00,4604454.0
2020-10-28 21:00:00,4247629.0
2020-10-28 22:00:00,3812993.5
2020-10-28 23:00:00,3429610.8
2020-10-29 00:00:00,3077939.5
2020-10-29 01:00:00,2833757.0
2020-10-29 02:00:00,2696642.0
2020-10-29 03:00:00,2676940.2
2020-10-29 04:00:00,2809782.5
2020-10-29 05:00:00,3067718.8
2020-10-29 06:00:00,3387723.2
2020-10-29 07:00:00,3667487.5
2020-10-29 08:00:00,3885635.8
2020-10-29 09:00:00,3997903.0
2020-10-29 10:00:00,4023713.0
2020-10-29 11:00:00,3970768.5
2020-10-29 12:00:00,3917278.0
2020-10-29 13:00:00,3952141.0
2020-10-29 14:00:00,4095587.2
2020-10-29 15:00:00,4236629.5
2020-10-29 16:00:00,4479974.5
2020-10-29 17:00:00,4673753.0
2020-10-29 18:00:00,4790540.5
2020-10-29 19:00:00,4748903.0
2020-10-29 20:00:00,4568822.0
2020-10-29 21:00:00,4214513.0
2020-10-29 22:00:00,3804311.8
2020-10-29 23:00:00,3397137.8
2020-10-30 00:00:00,3058052.8
2020-10-30 01:00:00,2795916.5
2020-10-30 02:00:00,2660771.8
2020-10-30 03:00:00,2675569.2
2020-10-30 04:00:00,2827519.8
2020-10-30 05:00:00,3049780.5
2020-10-30 06:00:00,3338373.5
2020-10-30 07:00:00,3666211.5
2020-10-30 08:00:00,3861118.2
2020-10-30 09:00:00,3974644.8
2020-10-30 10:00:00,4017547.8
2020-10-30 11:00:00,3977339.5
2020-10-30 12:00:00,3938211.5
2020-10-30 13:00:00,3949630.8
2020-10-30 14:00:00,4045104.8
2020-10-30 15:00:00,4215491.0
2020-10-30 16:00:00,4460398.5
2020-10-30 17:00:00,4675494.0
2020-10-30 18:00:00,4791272.5
2020-10-30 19:00:00,4759570.5
2020-10-30 20:00:00,4572924.0
2020-10-30 21:00:00,4245691.0
2020-10-30 22:00:00,3829517.8
2020-10-30 23:00:00,3404342.5
2020-10-31 00:00:00,3052186.8
2020-10-31 01:00:00,2782298.2
2020-10-31 02:00:00,2645314.5
2020-10-31 03:00:00,2658221.0
2020-10-31 04:00:00,2797133.8
2020-10-31 05:00:00,3039902.5
2020-10-31 06:00:00,3333173.0
2020-10-31 07:00:00,3612349.0
2020-10-31 08:00:00,3834127.0
2020-10-31 09:00:00,3978082.2
2020-10-31 10:00:00,3995927.5
2020-10-31 11:00:00,3957766.0
2020-10-31 12:00:00,3923195.8
2020-10-31 13:00:00,3962064.2
2020-10-31 14:00:00,4083057.5
2020-10-31 15:00:00,4238092.5
2020-10-31 16:00:00,4500533.0
2020-10-31 17:00:00,4688369.0
2020-10-31 18:00:00,4763972.0
2020-10-31 19:00:00,4762050.0
2020-10-31 20:00:00,4570885.5
2020-10-31 21:00:00,4233084.5
2020-10-31 22:00:00,3794937.2
2020-10-31 23:00:00,3391614.5
