,ARIMA
2020-09-01 00:00:00,2523303.7334343707
2020-09-01 01:00:00,2292838.330412088
2020-09-01 02:00:00,2199423.0322871404
2020-09-01 03:00:00,2171706.2846608344
2020-09-01 04:00:00,2184671.7446947293
2020-09-01 05:00:00,2278373.383061993
2020-09-01 06:00:00,2521980.1690628934
2020-09-01 07:00:00,2944799.741131786
2020-09-01 08:00:00,3620528.1074885973
2020-09-01 09:00:00,3862000.3656784454
2020-09-01 10:00:00,3908419.1883807546
2020-09-01 11:00:00,3951048.0185618536
2020-09-01 12:00:00,3801975.287782622
2020-09-01 13:00:00,3697102.0603270154
2020-09-01 14:00:00,3784479.108286939
2020-09-01 15:00:00,3842168.826702976
2020-09-01 16:00:00,3977648.5451817214
2020-09-01 17:00:00,4139368.03501769
2020-09-01 18:00:00,4417916.452376104
2020-09-01 19:00:00,4538802.73264971
2020-09-01 20:00:00,4676893.454768058
2020-09-01 21:00:00,4275580.121411162
2020-09-01 22:00:00,3785380.70788185
2020-09-01 23:00:00,3282447.245174377
2020-09-02 00:00:00,2851098.82958903
2020-09-02 01:00:00,2587931.206794977
2020-09-02 02:00:00,2459434.896974367
2020-09-02 03:00:00,2400041.789908779
2020-09-02 04:00:00,2384165.1860926617
2020-09-02 05:00:00,2449589.43488715
2020-09-02 06:00:00,2654878.022352162
2020-09-02 07:00:00,3039754.731460506
2020-09-02 08:00:00,3654866.345882514
2020-09-02 09:00:00,3875287.355710658
2020-09-02 10:00:00,3909202.390341332
2020-09-02 11:00:00,3940971.098886381
2020-09-02 12:00:00,3791357.560998443
2020-09-02 13:00:00,3665818.3134979554
2020-09-02 14:00:00,3735063.635730265
2020-09-02 15:00:00,3785253.6854588403
2020-09-02 16:00:00,3922873.147519518
2020-09-02 17:00:00,4099509.134530253
2020-09-02 18:00:00,4390881.090761532
2020-09-02 19:00:00,4538706.741526766
2020-09-02 20:00:00,4685297.725116949
2020-09-02 21:00:00,4298924.8507063575
2020-09-02 22:00:00,3826634.00585404
2020-09-02 23:00:00,3336479.903562529
2020-09-03 00:00:00,2911444.267566752
2020-09-03 01:00:00,2652970.8823463856
2020-09-03 02:00:00,2529341.977863959
2020-09-03 03:00:00,2476030.534536901
2020-09-03 04:00:00,2466601.01007373
2020-09-03 05:00:00,2537512.989102372
2020-09-03 06:00:00,2743579.991117886
2020-09-03 07:00:00,3127115.888027124
2020-09-03 08:00:00,3731495.2159882025
2020-09-03 09:00:00,3950032.7175557995
2020-09-03 10:00:00,3981516.3764534285
2020-09-03 11:00:00,4008225.328870574
2020-09-03 12:00:00,3853618.81213756
2020-09-03 13:00:00,3714332.8339895005
2020-09-03 14:00:00,3768190.4086081195
2020-09-03 15:00:00,3804235.3429270606
2020-09-03 16:00:00,3929216.2817566013
2020-09-03 17:00:00,4096277.6039949716
2020-09-03 18:00:00,4377372.120696345
2020-09-03 19:00:00,4519714.204010615
2020-09-03 20:00:00,4656574.461860045
2020-09-03 21:00:00,4264236.878509291
2020-09-03 22:00:00,3789246.1632431527
2020-09-03 23:00:00,3297682.026759915
2020-09-04 00:00:00,2872446.9757964225
2020-09-04 01:00:00,2616614.3923922824
2020-09-04 02:00:00,2499042.3480959767
2020-09-04 03:00:00,2455407.0058264034
2020-09-04 04:00:00,2458764.4585910225
2020-09-04 05:00:00,2544781.5339771486
2020-09-04 06:00:00,2766625.9991218345
2020-09-04 07:00:00,3166739.8327303412
2020-09-04 08:00:00,3785597.1119761644
2020-09-04 09:00:00,4021141.882317955
2020-09-04 10:00:00,4068524.976112052
2020-09-04 11:00:00,4108559.685131436
2020-09-04 12:00:00,3964685.885741826
2020-09-04 13:00:00,3830147.360789412
2020-09-04 14:00:00,3884204.672342818
2020-09-04 15:00:00,3916193.044585394
2020-09-04 16:00:00,4032509.3219241803
2020-09-04 17:00:00,4186487.1504344656
2020-09-04 18:00:00,4448853.381499971
2020-09-04 19:00:00,4568532.533645741
2020-09-04 20:00:00,4676356.7304543685
2020-09-04 21:00:00,4251424.617355828
2020-09-04 22:00:00,3740724.997980081
2020-09-04 23:00:00,3210490.5646254364
2020-09-05 00:00:00,2744466.678308499
2020-09-05 01:00:00,2447176.735528505
2020-09-05 02:00:00,2288682.5581072336
2020-09-05 03:00:00,2205786.912696189
2020-09-05 04:00:00,2172459.1465011872
2020-09-05 05:00:00,2225157.481810859
2020-09-05 06:00:00,2417515.0998374126
2020-09-05 07:00:00,2792862.834461316
2020-09-05 08:00:00,3391527.7532443125
2020-09-05 09:00:00,3613389.6700205947
2020-09-05 10:00:00,3652895.005051103
2020-09-05 11:00:00,3690606.577506032
2020-09-05 12:00:00,3549944.8722666367
2020-09-05 13:00:00,3422930.320609873
2020-09-05 14:00:00,3488845.3689982337
2020-09-05 15:00:00,3536526.8327276716
2020-09-05 16:00:00,3671522.7965352237
2020-09-05 17:00:00,3846346.4146776428
2020-09-05 18:00:00,4130380.7939998107
2020-09-05 19:00:00,4272013.909349364
2020-09-05 20:00:00,4400276.7042388255
2020-09-05 21:00:00,3994040.372208798
2020-09-05 22:00:00,3499409.2010085178
2020-09-05 23:00:00,2981731.279011642
2020-09-06 00:00:00,2524194.5504465797
2020-09-06 01:00:00,2231098.840471563
2020-09-06 02:00:00,2072388.3738679853
2020-09-06 03:00:00,1984924.8396240212
2020-09-06 04:00:00,1942885.8375450452
2020-09-06 05:00:00,1983120.3911608676
2020-09-06 06:00:00,2159772.5353083406
2020-09-06 07:00:00,2517017.677615526
2020-09-06 08:00:00,3095909.680130133
2020-09-06 09:00:00,3297841.8758140327
2020-09-06 10:00:00,3318124.3125373074
2020-09-06 11:00:00,3338419.03866923
2020-09-06 12:00:00,3183375.0162651083
2020-09-06 13:00:00,3045900.1932848827
2020-09-06 14:00:00,3106508.3541941717
2020-09-06 15:00:00,3155041.3108136966
2020-09-06 16:00:00,3297833.3822248746
2020-09-06 17:00:00,3488037.8421552815
2020-09-06 18:00:00,3795331.828665641
2020-09-06 19:00:00,3968417.2129960284
2020-09-06 20:00:00,4136018.3060529744
2020-09-06 21:00:00,3776908.2677683854
2020-09-06 22:00:00,3336629.9386804188
2020-09-06 23:00:00,2879702.8892332106
2020-09-07 00:00:00,2488326.2810868947
2020-09-07 01:00:00,2265670.673182333
2020-09-07 02:00:00,2180368.456856411
2020-09-07 03:00:00,2167840.9176300648
2020-09-07 04:00:00,2200727.8304882008
2020-09-07 05:00:00,2314297.170038199
2020-09-07 06:00:00,2561098.0981851555
2020-09-07 07:00:00,2983811.163268163
2020-09-07 08:00:00,3622011.810881626
2020-09-07 09:00:00,3875950.613456667
2020-09-07 10:00:00,3939750.1384541723
2020-09-07 11:00:00,3994147.2172361594
2020-09-07 12:00:00,3863134.112611974
2020-09-07 13:00:00,3739121.889581782
2020-09-07 14:00:00,3802514.836939366
2020-09-07 15:00:00,3843278.200396808
2020-09-07 16:00:00,3968111.356897962
2020-09-07 17:00:00,4130793.254389029
2020-09-07 18:00:00,4401816.147588745
2020-09-07 19:00:00,4530975.165848968
2020-09-07 20:00:00,4648147.09649595
2020-09-07 21:00:00,4233528.317313451
2020-09-07 22:00:00,3734114.215615203
2020-09-07 23:00:00,3215918.694219523
2020-09-08 00:00:00,2762659.5959572545
2020-09-08 01:00:00,2479005.466778803
2020-09-08 02:00:00,2335002.417467479
2020-09-08 03:00:00,2267367.6862747916
2020-09-08 04:00:00,2249881.9179465384
2020-09-08 05:00:00,2318772.817925116
2020-09-08 06:00:00,2527340.3577015502
2020-09-08 07:00:00,2918811.0557126915
2020-09-08 08:00:00,3533054.356419336
2020-09-08 09:00:00,3770443.807102957
2020-09-08 10:00:00,3824935.047126768
2020-09-08 11:00:00,3876902.370395992
2020-09-08 12:00:00,3749792.9290622417
2020-09-08 13:00:00,3635276.6981069595
2020-09-08 14:00:00,3712914.6553224847
2020-09-08 15:00:00,3771712.604969965
2020-09-08 16:00:00,3917333.9524208587
2020-09-08 17:00:00,4102491.451786729
2020-09-08 18:00:00,4396602.654240029
2020-09-08 19:00:00,4548449.598938009
2020-09-08 20:00:00,4686935.491362996
2020-09-08 21:00:00,4291426.659388903
2020-09-08 22:00:00,3808197.796117119
2020-09-08 23:00:00,3302688.365276791
2020-09-09 00:00:00,2858210.5135981413
2020-09-09 01:00:00,2579203.7971527847
2020-09-09 02:00:00,2435657.6184137114
2020-09-09 03:00:00,2364402.1272812732
2020-09-09 04:00:00,2339489.441898386
2020-09-09 05:00:00,2397562.5193698574
2020-09-09 06:00:00,2592458.4086358612
2020-09-09 07:00:00,2968044.056894389
2020-09-09 08:00:00,3564893.7989224447
2020-09-09 09:00:00,3784145.619335313
2020-09-09 10:00:00,3820511.7049131133
2020-09-09 11:00:00,3855109.2351382077
2020-09-09 12:00:00,3712084.074754857
2020-09-09 13:00:00,3583723.0653046863
2020-09-09 14:00:00,3650118.358631584
2020-09-09 15:00:00,3700688.372409648
2020-09-09 16:00:00,3841377.651953119
2020-09-09 17:00:00,4025042.549235712
2020-09-09 18:00:00,4321098.759908178
2020-09-09 19:00:00,4478193.419522341
2020-09-09 20:00:00,4624952.828006813
2020-09-09 21:00:00,4240359.077481961
2020-09-09 22:00:00,3770194.6361965877
2020-09-09 23:00:00,3279324.6083187987
2020-09-10 00:00:00,2850430.9008939527
2020-09-10 01:00:00,2587292.744567344
2020-09-10 02:00:00,2459234.139420109
2020-09-10 03:00:00,2402442.1327552074
2020-09-10 04:00:00,2390373.6417794623
2020-09-10 05:00:00,2459148.407987949
2020-09-10 06:00:00,2662172.68190171
2020-09-10 07:00:00,3042993.9382879143
2020-09-10 08:00:00,3641987.700986213
2020-09-10 09:00:00,3860228.965147844
2020-09-10 10:00:00,3892494.374153186
2020-09-10 11:00:00,3920097.6382394666
2020-09-10 12:00:00,3767504.9017367177
2020-09-10 13:00:00,3627430.973366329
2020-09-10 14:00:00,3680492.2651179866
2020-09-10 15:00:00,3716702.712075305
2020-09-10 16:00:00,3842650.1360927345
2020-09-10 17:00:00,4011856.825049019
2020-09-10 18:00:00,4294398.686308157
2020-09-10 19:00:00,4439553.283633775
2020-09-10 20:00:00,4576516.49628852
2020-09-10 21:00:00,4184761.5305350656
2020-09-10 22:00:00,3710456.9204173135
2020-09-10 23:00:00,3218732.689780838
2020-09-11 00:00:00,2792402.0771436933
2020-09-11 01:00:00,2535233.8303603055
2020-09-11 02:00:00,2416396.202352865
2020-09-11 03:00:00,2371777.9657032266
2020-09-11 04:00:00,2374403.1943102987
2020-09-11 05:00:00,2459837.5299108457
2020-09-11 06:00:00,2680829.7340195235
2020-09-11 07:00:00,3080189.08379288
2020-09-11 08:00:00,3697496.7185553205
2020-09-11 09:00:00,3933007.2538313614
2020-09-11 10:00:00,3980677.1694087195
2020-09-11 11:00:00,4021032.3076069206
2020-09-11 12:00:00,3877812.3458873024
2020-09-11 13:00:00,3743093.553581662
2020-09-11 14:00:00,3796968.2109980793
2020-09-11 15:00:00,3829060.392731872
2020-09-11 16:00:00,3945719.0595562127
2020-09-11 17:00:00,4100390.37818194
2020-09-11 18:00:00,4363242.363404595
2020-09-11 19:00:00,4483813.837388912
2020-09-11 20:00:00,4591723.697659755
2020-09-11 21:00:00,4167020.1622194382
2020-09-11 22:00:00,3656580.03119165
2020-09-11 23:00:00,3126353.2336563044
2020-09-12 00:00:00,2660058.552005763
2020-09-12 01:00:00,2362426.42428862
2020-09-12 02:00:00,2203611.0274732723
2020-09-12 03:00:00,2120478.4319545957
2020-09-12 04:00:00,2086988.4519033998
2020-09-12 05:00:00,2139569.1825828655
2020-09-12 06:00:00,2331729.049210843
2020-09-12 07:00:00,2706908.247092252
2020-09-12 08:00:00,3305167.9772601044
2020-09-12 09:00:00,3527076.012680188
2020-09-12 10:00:00,3566723.1626242916
2020-09-12 11:00:00,3604586.660348242
2020-09-12 12:00:00,3464176.2552203136
2020-09-12 13:00:00,3337164.75870102
2020-09-12 14:00:00,3403082.2569457055
2020-09-12 15:00:00,3450851.569237482
2020-09-12 16:00:00,3586006.523717837
2020-09-12 17:00:00,3761093.777477051
2020-09-12 18:00:00,4045330.0475256313
2020-09-12 19:00:00,4187286.214487386
2020-09-12 20:00:00,4315631.991421766
2020-09-12 21:00:00,3909521.3020017245
2020-09-12 22:00:00,3415025.0860692193
2020-09-12 23:00:00,2897407.2413901957
2020-09-13 00:00:00,2439847.799043578
2020-09-13 01:00:00,2146708.2300729034
2020-09-13 02:00:00,1987960.257942616
2020-09-13 03:00:00,1900484.4204400945
2020-09-13 04:00:00,1858455.4794475883
2020-09-13 05:00:00,1898713.4888322644
2020-09-13 06:00:00,2075365.3385498365
2020-09-13 07:00:00,2432618.9984331895
2020-09-13 08:00:00,3011449.1708174255
2020-09-13 09:00:00,3213454.024937997
2020-09-13 10:00:00,3233837.72806726
2020-09-13 11:00:00,3254236.8463566815
2020-09-13 12:00:00,3099326.9203237537
2020-09-13 13:00:00,2961912.3966568024
2020-09-13 14:00:00,3022580.79357147
2020-09-13 15:00:00,3071199.530557444
2020-09-13 16:00:00,3214098.6823658403
2020-09-13 17:00:00,3404441.498483988
2020-09-13 18:00:00,3711855.5758650973
2020-09-13 19:00:00,3885097.2453579567
2020-09-13 20:00:00,4052783.264112908
2020-09-13 21:00:00,3693770.9737868146
2020-09-13 22:00:00,3253593.286263993
2020-09-13 23:00:00,2796744.7052192385
2020-09-14 00:00:00,2405422.0367093533
2020-09-14 01:00:00,2182814.1948657306
2020-09-14 02:00:00,2097561.759087244
2020-09-14 03:00:00,2085091.6275051523
2020-09-14 04:00:00,2118042.730620099
2020-09-14 05:00:00,2231680.372867229
2020-09-14 06:00:00,2478542.656972881
2020-09-14 07:00:00,2901319.826973408
2020-09-14 08:00:00,3539563.759615869
2020-09-14 09:00:00,3793586.016620789
2020-09-14 10:00:00,3857477.640615682
2020-09-14 11:00:00,3911967.8762746817
2020-09-14 12:00:00,3781056.9004808436
2020-09-14 13:00:00,3657124.9618319636
2020-09-14 14:00:00,3720598.303405842
2020-09-14 15:00:00,3761449.7959408434
2020-09-14 16:00:00,3886377.5531498143
2020-09-14 17:00:00,4049163.4936964763
2020-09-14 18:00:00,4320285.122219313
2020-09-14 19:00:00,4449553.783592695
2020-09-14 20:00:00,4566814.242137536
2020-09-14 21:00:00,4152287.9407455176
2020-09-14 22:00:00,3652967.3110259613
2020-09-14 23:00:00,3134858.792807836
2020-09-15 00:00:00,2681679.5280490858
2020-09-15 01:00:00,2398103.5283441083
2020-09-15 02:00:00,2254179.34291767
2020-09-15 03:00:00,2186625.881637033
2020-09-15 04:00:00,2169223.5383018963
2020-09-15 05:00:00,2238199.223820459
2020-09-15 06:00:00,2446849.6173722497
2020-09-15 07:00:00,2838404.124724899
2020-09-15 08:00:00,3452725.1733472375
2020-09-15 09:00:00,3690204.470217102
2020-09-15 10:00:00,3744788.2688576016
2020-09-15 11:00:00,3796848.6047756327
2020-09-15 12:00:00,3669834.9869854636
2020-09-15 13:00:00,3555408.2155590826
2020-09-15 14:00:00,3633135.8055412495
2020-09-15 15:00:00,3692025.8319928036
2020-09-15 16:00:00,3837741.3246588144
2020-09-15 17:00:00,4022995.922657172
2020-09-15 18:00:00,4317202.785903367
2020-09-15 19:00:00,4469148.782123569
2020-09-15 20:00:00,4607727.582630706
2020-09-15 21:00:00,4212312.978779353
2020-09-15 22:00:00,3729178.7841191525
2020-09-15 23:00:00,3223762.2408096245
2020-09-16 00:00:00,2779375.287391497
2020-09-16 01:00:00,2500459.1077909465
2020-09-16 02:00:00,2357003.8310033865
2020-09-16 03:00:00,2285840.10513353
2020-09-16 04:00:00,2261019.9740968943
2020-09-16 05:00:00,2319186.158920358
2020-09-16 06:00:00,2514174.728767374
2020-09-16 07:00:00,2889853.4910111194
2020-09-16 08:00:00,3486794.6916493704
2020-09-16 09:00:00,3706141.722729128
2020-09-16 10:00:00,3742603.97693996
2020-09-16 11:00:00,3777297.961827509
2020-09-16 12:00:00,3634370.244365507
2020-09-16 13:00:00,3506104.934807436
2020-09-16 14:00:00,3572596.1319124834
2020-09-16 15:00:00,3623262.9299584194
2020-09-16 16:00:00,3764049.762904835
2020-09-16 17:00:00,3947813.2467164723
2020-09-16 18:00:00,4243967.770058166
2020-09-16 19:00:00,4401161.906644404
2020-09-16 20:00:00,4548019.118144982
2020-09-16 21:00:00,4163523.7193715936
2020-09-16 22:00:00,3693457.9171746955
2020-09-16 23:00:00,3202686.1547458493
2020-09-17 00:00:00,2773890.277625408
2020-09-17 01:00:00,2510850.0016244464
2020-09-17 02:00:00,2382889.543622913
2020-09-17 03:00:00,2326196.09974184
2020-09-17 04:00:00,2314226.565567194
2020-09-17 05:00:00,2383100.6127826944
2020-09-17 06:00:00,2586224.200665461
2020-09-17 07:00:00,2967145.060573061
2020-09-17 08:00:00,3566238.0949010034
2020-09-17 09:00:00,3784579.909308646
2020-09-17 10:00:00,3816946.31572861
2020-09-17 11:00:00,3844650.824808867
2020-09-17 12:00:00,3692159.790439087
2020-09-17 13:00:00,3552187.2085902663
2020-09-17 14:00:00,3605350.0714083053
2020-09-17 15:00:00,3641662.5159048466
2020-09-17 16:00:00,3767712.3312514825
2020-09-17 17:00:00,3937021.8844004394
2020-09-17 18:00:00,4219666.694039332
2020-09-17 19:00:00,4364924.752606525
2020-09-17 20:00:00,4501991.094759328
2020-09-17 21:00:00,4110339.5890223915
2020-09-17 22:00:00,3636138.692077864
2020-09-17 23:00:00,3144518.2314366773
2020-09-18 00:00:00,2718291.4277705103
2020-09-18 01:00:00,2461227.173854782
2020-09-18 02:00:00,2342493.7876270986
2020-09-18 03:00:00,2297980.086442924
2020-09-18 04:00:00,2300710.1382270236
2020-09-18 05:00:00,2386249.564392556
2020-09-18 06:00:00,2607347.0401995555
2020-09-18 07:00:00,3006811.9196633413
2020-09-18 08:00:00,3624225.157536993
2020-09-18 09:00:00,3859841.849323041
2020-09-18 10:00:00,3907618.227708648
2020-09-18 11:00:00,3948080.0760437883
2020-09-18 12:00:00,3804967.1346412203
2020-09-18 13:00:00,3670355.4312962256
2020-09-18 14:00:00,3724337.4195093354
2020-09-18 15:00:00,3756537.2344521433
2020-09-18 16:00:00,3873303.82761901
2020-09-18 17:00:00,4028083.3897158834
2020-09-18 18:00:00,4291043.820262561
2020-09-18 19:00:00,4411724.069508834
2020-09-18 20:00:00,4519742.783951411
2020-09-18 21:00:00,4095148.3792247646
2020-09-18 22:00:00,3584817.632864871
2020-09-18 23:00:00,3054700.41593968
2020-09-19 00:00:00,2588515.505972122
2020-09-19 01:00:00,2290993.3846032782
2020-09-19 02:00:00,2132288.248601733
2020-09-19 03:00:00,2049266.182134699
2020-09-19 04:00:00,2015886.9980339818
2020-09-19 05:00:00,2068578.7859504847
2020-09-19 06:00:00,2260849.945858003
2020-09-19 07:00:00,2636140.696382377
2020-09-19 08:00:00,3234512.184037039
2020-09-19 09:00:00,3456532.3251328217
2020-09-19 10:00:00,3496291.8558019586
2020-09-19 11:00:00,3534267.992174434
2020-09-19 12:00:00,3393970.5027630758
2020-09-19 13:00:00,3267072.1275418727
2020-09-19 14:00:00,3333103.004661811
2020-09-19 15:00:00,3380985.97186933
2020-09-19 16:00:00,3516254.8549692207
2020-09-19 17:00:00,3691456.318621113
2020-09-19 18:00:00,3975807.045936182
2020-09-19 19:00:00,4117877.95609721
2020-09-19 20:00:00,4246338.687842515
2020-09-19 21:00:00,3840343.2241085814
2020-09-19 22:00:00,3345962.498430446
2020-09-19 23:00:00,2828460.3917185664
2020-09-20 00:00:00,2371016.9340177486
2020-09-20 01:00:00,2077993.6097655434
2020-09-20 02:00:00,1919362.148734991
2020-09-20 03:00:00,1832003.0932259108
2020-09-20 04:00:00,1790091.2051323897
2020-09-20 05:00:00,1830466.5370598065
2020-09-20 06:00:00,2007235.9718551622
2020-09-20 07:00:00,2364607.486701805
2020-09-20 08:00:00,2943555.768106593
2020-09-20 09:00:00,3145679.0283888364
2020-09-20 10:00:00,3166181.4134461056
2020-09-20 11:00:00,3186699.4847318004
2020-09-20 12:00:00,3031908.7888625916
2020-09-20 13:00:00,2894613.7516401815
2020-09-20 14:00:00,2955401.9071579743
2020-09-20 15:00:00,3004140.6807979792
2020-09-20 16:00:00,3147160.147009083
2020-09-20 17:00:00,3337623.5579242804
2020-09-20 18:00:00,3645158.5007940917
2020-09-20 19:00:00,3818521.3183367564
2020-09-20 20:00:00,3986328.745961641
2020-09-20 21:00:00,3627438.143356857
2020-09-20 22:00:00,3187382.420913284
2020-09-20 23:00:00,2730656.0776699996
2020-09-21 00:00:00,2339455.9197571417
2020-09-21 01:00:00,2116970.86567389
2020-09-21 02:00:00,2031841.497075745
2020-09-21 03:00:00,2019494.713813642
2020-09-21 04:00:00,2052569.4467672657
2020-09-21 05:00:00,2166331.000369123
2020-09-21 06:00:00,2413317.4756010394
2020-09-21 07:00:00,2836219.1190574826
2020-09-21 08:00:00,3474587.8031417313
2020-09-21 09:00:00,3728735.102768948
2020-09-21 10:00:00,3792752.0545676784
2020-09-21 11:00:00,3847367.9021765017
2020-09-21 12:00:00,3716582.8246565647
2020-09-21 13:00:00,3592777.0647468194
2020-09-21 14:00:00,3656376.8706110325
2020-09-21 15:00:00,3697355.1150987046
2020-09-21 16:00:00,3822409.9121877598
2020-09-21 17:00:00,3985323.1816828097
2020-09-21 18:00:00,4256572.425685118
2020-09-21 19:00:00,4385968.99295286
2020-09-21 20:00:00,4503357.641681723
2020-09-21 21:00:00,4088959.820478365
2020-09-21 22:00:00,3589767.9608519734
2020-09-21 23:00:00,3071788.5015940536
2020-09-22 00:00:00,2618738.585025195
2020-09-22 01:00:00,2335292.2243794287
2020-09-22 02:00:00,2191497.9698906513
2020-09-22 03:00:00,2124074.7322738376
2020-09-22 04:00:00,2106802.9057749817
2020-09-22 05:00:00,2175909.4016333497
2020-09-22 06:00:00,2384690.8988389666
2020-09-22 07:00:00,2776376.8042493626
2020-09-22 08:00:00,3390829.5443661273
2020-09-22 09:00:00,3628440.830419977
2020-09-22 10:00:00,3683156.9144705
2020-09-22 11:00:00,3735349.8320366135
2020-09-22 12:00:00,3608469.0930998065
2020-09-22 13:00:00,3494175.4963043355
2020-09-22 14:00:00,3572036.558524017
2020-09-22 15:00:00,3631060.355761226
2020-09-22 16:00:00,3776909.918150704
2020-09-22 17:00:00,3962298.885459143
2020-09-22 18:00:00,4256640.417153387
2020-09-22 19:00:00,4408721.38242107
2020-09-22 20:00:00,4547435.451054406
2020-09-22 21:00:00,4152156.416410552
2020-09-22 22:00:00,3669158.0923083783
2020-09-22 23:00:00,3163877.7208954794
2020-09-23 00:00:00,2719627.241115591
2020-09-23 01:00:00,2440847.8376760217
2020-09-23 02:00:00,2297529.640163592
2020-09-23 03:00:00,2226503.297224281
2020-09-23 04:00:00,2201820.8531932547
2020-09-23 05:00:00,2260125.0294807456
2020-09-23 06:00:00,2455251.895476391
2020-09-23 07:00:00,2831069.259158658
2020-09-23 08:00:00,3428149.366515626
2020-09-23 09:00:00,3647635.6111371415
2020-09-23 10:00:00,3684237.3855511397
2020-09-23 11:00:00,3719071.197579171
2020-09-23 12:00:00,3576283.6147529227
2020-09-23 13:00:00,3448158.74716871
2020-09-23 14:00:00,3514790.6943960455
2020-09-23 15:00:00,3565598.5512566715
2020-09-23 16:00:00,3706526.752087654
2020-09-23 17:00:00,3890431.9133061753
2020-09-23 18:00:00,4186728.4237006437
2020-09-23 19:00:00,4344064.857675566
2020-09-23 20:00:00,4491064.676700609
2020-09-23 21:00:00,4106712.1964344
2020-09-23 22:00:00,3636789.624055719
2020-09-23 23:00:00,3146161.4029986984
2020-09-24 00:00:00,2717509.37916754
2020-09-24 01:00:00,2454613.2688474776
2020-09-24 02:00:00,2326797.2893340047
2020-09-24 03:00:00,2270248.637146299
2020-09-24 04:00:00,2258424.2082302384
2020-09-24 05:00:00,2327443.6746162223
2020-09-24 06:00:00,2530712.9958790285
2020-09-24 07:00:00,2911779.903784421
2020-09-24 08:00:00,3511019.3009507405
2020-09-24 09:00:00,3729507.7937201425
2020-09-24 10:00:00,3762021.1941982834
2020-09-24 11:00:00,3789873.0133339777
2020-09-24 12:00:00,3637529.6053995444
2020-09-24 13:00:00,3497704.966533192
2020-09-24 14:00:00,3551016.0893340143
2020-09-24 15:00:00,3587477.1111849523
2020-09-24 16:00:00,3713675.8215770624
2020-09-24 17:00:00,3883134.58780198
2020-09-24 18:00:00,4165928.928786439
2020-09-24 19:00:00,4311336.837374159
2020-09-24 20:00:00,4448553.348360491
2020-09-24 21:00:00,4057052.330717322
2020-09-24 22:00:00,3583002.241417328
2020-09-24 23:00:00,3091532.9082339434
2020-09-25 00:00:00,2665457.552135187
2020-09-25 01:00:00,2408545.066223038
2020-09-25 02:00:00,2289963.768741912
2020-09-25 03:00:00,2245602.477346426
2020-09-25 04:00:00,2248485.260246622
2020-09-25 05:00:00,2334177.739134606
2020-09-25 06:00:00,2555428.5895321923
2020-09-25 07:00:00,2955047.1657469617
2020-09-25 08:00:00,3572614.4227667484
2020-09-25 09:00:00,3808385.456462997
2020-09-25 10:00:00,3856316.4997377396
2020-09-25 11:00:00,3896933.3361912845
2020-09-25 12:00:00,3753975.706408559
2020-09-25 13:00:00,3619519.638390452
2020-09-25 14:00:00,3673657.58592558
2020-09-25 15:00:00,3706013.684446792
2020-09-25 16:00:00,3822936.885691722
2020-09-25 17:00:00,3977873.38061288
2020-09-25 18:00:00,4240991.068944562
2020-09-25 19:00:00,4361828.901197463
2020-09-25 20:00:00,4470005.524047464
2020-09-25 21:00:00,4045569.353397508
2020-09-25 22:00:00,3535397.167002853
2020-09-25 23:00:00,3005438.836139823
2020-09-26 00:00:00,2539413.1385470065
2020-09-26 01:00:00,2242050.556087836
2020-09-26 02:00:00,2083505.285744673
2020-09-26 03:00:00,2000643.4118934025
2020-09-26 04:00:00,1967424.7475679745
2020-09-26 05:00:00,2020277.3826167984
2020-09-26 06:00:00,2212709.717203602
2020-09-26 07:00:00,2588161.9701504763
2020-09-26 08:00:00,3186695.2881472083
2020-09-26 09:00:00,3408877.5877184803
2020-09-26 10:00:00,3448799.605161716
2020-09-26 11:00:00,3486938.5567801353
2020-09-26 12:00:00,3346804.211263408
2020-09-26 13:00:00,3220069.3087401004
2020-09-26 14:00:00,3286263.9875374036
2020-09-26 15:00:00,3334311.085567532
2020-09-26 16:00:00,3469744.4287928445
2020-09-26 17:00:00,3645110.6820288883
2020-09-26 18:00:00,3929626.528530321
2020-09-26 19:00:00,4071862.8876347383
2020-09-26 20:00:00,4200489.398208081
2020-09-26 21:00:00,3794660.043338313
2020-09-26 22:00:00,3300445.756694731
2020-09-26 23:00:00,2783110.419315814
2020-09-27 00:00:00,2325834.0613740156
2020-09-27 01:00:00,2032978.1674335813
2020-09-27 02:00:00,1874514.4673892292
2020-09-27 03:00:00,1787323.5036578402
2020-09-27 04:00:00,1745580.0382459858
2020-09-27 05:00:00,1786124.1238675048
2020-09-27 06:00:00,1963062.6434725306
2020-09-27 07:00:00,2320603.574346905
2020-09-27 08:00:00,2899721.603091153
2020-09-27 09:00:00,3102014.9421265516
2020-09-27 10:00:00,3122687.73743565
2020-09-27 11:00:00,3143376.5505558453
2020-09-27 12:00:00,2988756.9281866415
2020-09-27 13:00:00,2851633.2962027425
2020-09-27 14:00:00,2912593.1887743594
2020-09-27 15:00:00,2961504.0313542867
2020-09-27 16:00:00,3104695.898456973
2020-09-27 17:00:00,3295332.042277638
2020-09-27 18:00:00,3603040.0501223058
2020-09-27 19:00:00,3776576.2647655467
2020-09-27 20:00:00,3944557.4216618813
2020-09-27 21:00:00,3585840.8805490034
2020-09-27 22:00:00,3145959.5518588703
2020-09-27 23:00:00,2689407.934667602
2020-09-28 00:00:00,2298382.8351390553
2020-09-28 01:00:00,2076073.1718029324
2020-09-28 02:00:00,1991119.5263409026
2020-09-28 03:00:00,1978948.7986257751
2020-09-28 04:00:00,2012199.9195550396
2020-09-28 05:00:00,2126138.1935747224
2020-09-28 06:00:00,2373301.7216754304
2020-09-28 07:00:00,2796380.750457934
2020-09-28 08:00:00,3434927.1523258057
2020-09-28 09:00:00,3689252.502194266
2020-09-28 10:00:00,3753447.8366835564
2020-09-28 11:00:00,3808242.399421306
2020-09-28 12:00:00,3677636.3694540053
2020-09-28 13:00:00,3554009.9895002292
2020-09-28 14:00:00,3617789.507701575
2020-09-28 15:00:00,3658947.796880507
2020-09-28 16:00:00,3784182.9709836226
2020-09-28 17:00:00,3947276.9497799273
2020-09-28 18:00:00,4218707.235330574
2020-09-28 19:00:00,4348285.176350459
2020-09-28 20:00:00,4465855.5309859365
2020-09-28 21:00:00,4051639.7477926053
2020-09-28 22:00:00,3552630.2582231304
2020-09-28 23:00:00,3034833.501008248
2020-09-29 00:00:00,2581966.618403825
2020-09-29 01:00:00,2298703.6235752245
2020-09-29 02:00:00,2155093.066683473
2020-09-29 03:00:00,2087853.858366244
2020-09-29 04:00:00,2070766.3927881059
2020-09-29 05:00:00,2140057.581102575
2020-09-29 06:00:00,2349024.1022096453
2020-09-29 07:00:00,2740895.3628728054
2020-09-29 08:00:00,3355533.789494982
2020-09-29 09:00:00,3593331.0932052024
2020-09-29 10:00:00,3648233.525955574
2020-09-29 11:00:00,3700613.123154044
2020-09-29 12:00:00,3573919.394666784
2020-09-29 13:00:00,3459813.139018134
2020-09-29 14:00:00,3537861.872958103
2020-09-29 15:00:00,3597073.6723612794
2020-09-29 16:00:00,3743111.5672298237
2020-09-29 17:00:00,3928689.1971938745
2020-09-29 18:00:00,4223219.72157905
2020-09-29 19:00:00,4375490.009427946
2020-09-29 20:00:00,4514393.730382803
2020-09-29 21:00:00,4119304.677647271
2020-09-29 22:00:00,3636496.66488196
2020-09-29 23:00:00,3131406.934071914
2020-09-30 00:00:00,2687347.42399406
2020-09-30 01:00:00,2408759.3191846395
2020-09-30 02:00:00,2265632.7490550694
2020-09-30 03:00:00,2194798.362071672
2020-09-30 04:00:00,2170308.202385322
2020-09-30 05:00:00,2228804.991217939
2020-09-30 06:00:00,2424124.7977663726
2020-09-30 07:00:00,2800135.4298117966
2020-09-30 08:00:00,3397409.133140879
2020-09-30 09:00:00,3617089.3011377216
2020-09-30 10:00:00,3653885.3261200613
2020-09-30 11:00:00,3688913.715694733
2020-09-30 12:00:00,3546321.0371745466
2020-09-30 13:00:00,3418391.4004323822
2020-09-30 14:00:00,3485218.904810136
2020-09-30 15:00:00,3536222.644897511
2020-09-30 16:00:00,3677347.0547950906
2020-09-30 17:00:00,3861448.750679236
2020-09-30 18:00:00,4157942.121092982
2020-09-30 19:00:00,4315475.740191269
2020-09-30 20:00:00,4462673.069189708
2020-09-30 21:00:00,4078518.423488417
2020-09-30 22:00:00,3608794.010003362
2020-09-30 23:00:00,3118364.2719014073
2020-10-01 00:00:00,2689911.0548150376
2020-10-01 01:00:00,2427214.074753455
2020-10-01 02:00:00,2299597.5487315147
2020-10-01 03:00:00,2243248.6729835286
2020-10-01 04:00:00,2231624.343165982
2020-10-01 05:00:00,2300844.231015446
2020-10-01 06:00:00,2504314.2958084764
2020-10-01 07:00:00,2885582.269008116
2020-10-01 08:00:00,3485023.052925621
2020-10-01 09:00:00,3703713.2535915747
2020-10-01 10:00:00,3736428.6827956378
2020-10-01 11:00:00,3764482.8511661366
2020-10-01 12:00:00,3612342.112650488
2020-10-01 13:00:00,3472720.46305746
2020-10-01 14:00:00,3526234.894652464
2020-10-01 15:00:00,3562899.5444800695
2020-10-01 16:00:00,3689302.201688617
2020-10-01 17:00:00,3858965.233222533
2020-10-01 18:00:00,4141964.157656881
2020-10-01 19:00:00,4287576.967479268
2020-10-01 20:00:00,4424998.697124347
2020-10-01 21:00:00,4033703.215199002
2020-10-01 22:00:00,3559858.9783063466
2020-10-01 23:00:00,3068595.813845728
2020-10-02 00:00:00,2642726.9424067307
2020-10-02 01:00:00,2386021.2567083198
2020-10-02 02:00:00,2267647.0746073523
2020-10-02 03:00:00,2223493.213366601
2020-10-02 04:00:00,2226583.7407996287
2020-10-02 05:00:00,2312484.27819762
2020-10-02 06:00:00,2533943.500676913
2020-10-02 07:00:00,2933770.7621353213
2020-10-02 08:00:00,3551547.0171461254
2020-10-02 09:00:00,3787527.361161996
2020-10-02 10:00:00,3835668.0266614873
2020-10-02 11:00:00,3876494.796817102
2020-10-02 12:00:00,3733747.4117813716
2020-10-02 13:00:00,3599501.899118254
2020-10-02 14:00:00,3653850.7121750894
2020-10-02 15:00:00,3686417.985938796
2020-10-02 16:00:00,3803552.671696652
2020-10-02 17:00:00,3958700.95994634
2020-10-02 18:00:00,4222030.7499626735
2020-10-02 19:00:00,4343080.991792611
2020-10-02 20:00:00,4451470.331643529
2020-10-02 21:00:00,4027247.1849454725
2020-10-02 22:00:00,3517288.3289764524
2020-10-02 23:00:00,2987543.634530886
2020-10-03 00:00:00,2521731.8788607875
2020-10-03 01:00:00,2224583.543338871
2020-10-03 02:00:00,2066252.824452034
2020-10-03 03:00:00,1983605.806076246
2020-10-03 04:00:00,1950602.3007409915
2020-10-03 05:00:00,2003670.39778591
2020-10-03 06:00:00,2196318.4968611454
2020-10-03 07:00:00,2571986.81627089
2020-10-03 08:00:00,3170736.502182505
2020-10-03 09:00:00,3393135.470593742
2020-10-03 10:00:00,3433274.457270535
2020-10-03 11:00:00,3471630.6779802344
2020-10-03 12:00:00,3331713.9008718873
2020-10-03 13:00:00,3205196.86552931
2020-10-03 14:00:00,3271609.7097300543
2020-10-03 15:00:00,3319875.2708324213
2020-10-03 16:00:00,3455527.3742402866
2020-10-03 17:00:00,3631112.6842061905
2020-10-03 18:00:00,3915847.8834174285
2020-10-03 19:00:00,4058303.8906395547
2020-10-03 20:00:00,4187150.3441620404
2020-10-03 21:00:00,3781541.226491879
2020-10-03 22:00:00,3287547.470712939
2020-10-03 23:00:00,2770432.9572736192
2020-10-04 00:00:00,2313377.715751984
2020-10-04 01:00:00,2020743.2301134495
2020-10-04 02:00:00,1862501.2296491088
2020-10-04 03:00:00,1775532.2561679771
2020-10-04 04:00:00,1734011.071064251
2020-10-04 05:00:00,1774777.7264346695
2020-10-04 06:00:00,1951939.1046083574
2020-10-04 07:00:00,2309703.1822449225
2020-10-04 08:00:00,2889044.645314641
2020-10-04 09:00:00,3091561.705603905
2020-10-04 10:00:00,3112458.5084560723
2020-10-04 11:00:00,3133371.6147645623
2020-10-04 12:00:00,2978976.5705807204
2020-10-04 13:00:00,2842077.801126512
2020-10-04 14:00:00,2903262.8399148905
2020-10-04 15:00:00,2952399.1117369635
2020-10-04 16:00:00,3095816.6904410045
2020-10-04 17:00:00,3286678.8275516485
2020-10-04 18:00:00,3594613.1096998095
2020-10-04 19:00:00,3768375.878980531
2020-10-04 20:00:00,3936583.870164439
2020-10-04 21:00:00,3578094.442300453
2020-10-04 22:00:00,3138440.5051279543
2020-10-04 23:00:00,2682116.5570255723
2020-10-05 00:00:00,2291319.4034554064
2020-10-05 01:00:00,2069237.962241014
2020-10-05 02:00:00,1984512.8143529329
2020-10-05 03:00:00,1972570.8589493777
2020-10-05 04:00:00,2006051.0262079807
2020-10-05 05:00:00,2120218.619850908
2020-10-05 06:00:00,2367611.7401402835
2020-10-05 07:00:00,2790920.6329440363
2020-10-05 08:00:00,3429697.1699285624
2020-10-05 09:00:00,3684252.925267107
2020-10-05 10:00:00,3748678.934834095
2020-10-05 11:00:00,3803704.44150654
2020-10-05 12:00:00,3673329.6235760073
2020-10-05 13:00:00,3549934.723001766
2020-10-05 14:00:00,3613945.98716159
2020-10-05 15:00:00,3655336.2881099405
2020-10-05 16:00:00,3780803.739020715
2020-10-05 17:00:00,3944130.258886229
2020-10-05 18:00:00,4215793.348986144
2020-10-05 19:00:00,4345604.357249729
2020-10-05 20:00:00,4463408.041033208
2020-10-05 21:00:00,4049425.8480978794
2020-10-05 22:00:00,3550650.209097577
2020-10-05 23:00:00,3033087.5619597584
2020-10-06 00:00:00,2580455.048132798
2020-10-06 01:00:00,2297426.679970153
2020-10-06 02:00:00,2154051.0068166247
2020-10-06 03:00:00,2087046.9384892788
2020-10-06 04:00:00,2070194.8683276998
2020-10-06 05:00:00,2139721.706656195
2020-10-06 06:00:00,2348924.1315410994
2020-10-06 07:00:00,2741031.548908027
2020-10-06 08:00:00,3355906.3843174386
2020-10-06 09:00:00,3593940.348052022
2020-10-06 10:00:00,3649079.6912127826
2020-10-06 11:00:00,3701696.4483525096
2020-10-06 12:00:00,3575240.1284778803
2020-10-06 13:00:00,3461371.5292492714
2020-10-06 14:00:00,3539658.1665487895
2020-10-06 15:00:00,3599108.1153784287
2020-10-06 16:00:00,3745384.4048638064
2020-10-06 17:00:00,3931200.6737538953
2020-10-06 18:00:00,4225970.080489216
2020-10-06 19:00:00,4378479.493222793
2020-10-06 20:00:00,4517622.580703057
2020-10-06 21:00:00,4122773.135235655
2020-10-06 22:00:00,3640204.9695788915
2020-10-06 23:00:00,3135355.3248112695
2020-10-07 00:00:00,2691536.1387989325
2020-10-07 01:00:00,2413188.5951631363
2020-10-07 02:00:00,2270302.8223960577
2020-10-07 03:00:00,2199709.46804044
2020-10-07 04:00:00,2175460.575319665
2020-10-07 05:00:00,2234198.8645235253
2020-10-07 06:00:00,2429760.4039130453
2020-10-07 07:00:00,2806013.0003288276
2020-10-07 08:00:00,3403528.898613244
2020-10-07 09:00:00,3623451.49120169
2020-10-07 10:00:00,3660490.169459017
2020-10-07 11:00:00,3695761.440035045
2020-10-07 12:00:00,3553411.869281399
2020-10-07 13:00:00,3425725.566105593
2020-10-07 14:00:00,3492796.6288800384
2020-10-07 15:00:00,3544044.151220769
2020-10-07 16:00:00,3685412.566250595
2020-10-07 17:00:00,3869758.489163952
2020-10-07 18:00:00,4166496.3075178666
2020-10-07 19:00:00,4324274.594477008
2020-10-07 20:00:00,4471716.810262884
2020-10-07 21:00:00,4087807.2692770334
2020-10-07 22:00:00,3618328.1774330614
2020-10-07 23:00:00,3128143.97689124
2020-10-08 00:00:00,2699936.5122734155
2020-10-08 01:00:00,2437485.498573975
2020-10-08 02:00:00,2310115.1517891116
2020-10-08 03:00:00,2254012.667130219
2020-10-08 04:00:00,2242634.939226868
2020-10-08 05:00:00,2312101.6387847103
2020-10-08 06:00:00,2515818.724045239
2020-10-08 07:00:00,2897333.925432535
2020-10-08 08:00:00,3497022.1442147526
2020-10-08 09:00:00,3715959.9853754994
2020-10-08 10:00:00,3748923.259653293
2020-10-08 11:00:00,3777225.476621421
2020-10-08 12:00:00,3625332.989168241
2020-10-08 13:00:00,3485959.7920394978
2020-10-08 14:00:00,3539722.876433558
2020-10-08 15:00:00,3576636.3783240207
2020-10-08 16:00:00,3703288.0857842606
2020-10-08 17:00:00,3873200.3646799023
2020-10-08 18:00:00,4156448.7325030877
2020-10-08 19:00:00,4302311.1806547
2020-10-08 20:00:00,4439982.742478704
2020-10-08 21:00:00,4048937.2854873496
2020-10-08 22:00:00,3575343.2651852514
2020-10-08 23:00:00,3084330.5078693833
2020-10-09 00:00:00,2658712.233022984
2020-10-09 01:00:00,2402257.3322548047
2020-10-09 02:00:00,2284134.1223077187
2020-10-09 03:00:00,2240231.4193265466
2020-10-09 04:00:00,2243573.290003119
2020-10-09 05:00:00,2329725.354502907
2020-10-09 06:00:00,2551436.2868128205
2020-10-09 07:00:00,2951515.439697462
2020-10-09 08:00:00,3569543.766592928
2020-10-09 09:00:00,3805776.361810988
2020-10-09 10:00:00,3854169.4566855226
2020-10-09 11:00:00,3895248.8332404937
2020-10-09 12:00:00,3752754.2304761466
2020-10-09 13:00:00,3618761.6748004346
2020-10-09 14:00:00,3673363.618400818
2020-10-09 15:00:00,3706184.1951006646
2020-10-09 16:00:00,3823572.355019849
2020-10-09 17:00:00,3978974.287485273
2020-10-09 18:00:00,4242557.8905966515
2020-10-09 19:00:00,4363862.1132226605
2020-10-09 20:00:00,4472505.600388366
2020-10-09 21:00:00,4048536.7663381337
2020-10-09 22:00:00,3538832.3871602667
2020-10-09 23:00:00,3009342.3324558167
2020-10-10 00:00:00,2543785.3782800753
2020-10-10 01:00:00,2246892.004805219
2020-10-10 02:00:00,2088816.407313796
2020-10-10 03:00:00,2006424.6684740128
2020-10-10 04:00:00,1973676.5996038949
2020-10-10 05:00:00,2027000.288827995
2020-10-10 06:00:00,2219904.134577823
2020-10-10 07:00:00,2595828.353935283
2020-10-10 08:00:00,3194834.0918418625
2020-10-10 09:00:00,3417489.2630659416
2020-10-10 10:00:00,3457884.602140496
2020-10-10 11:00:00,3496497.323596229
2020-10-10 12:00:00,3356837.1943423003
2020-10-10 13:00:00,3230576.952718744
2020-10-10 14:00:00,3297246.7352561466
2020-10-10 15:00:00,3345769.378062152
2020-10-10 16:00:00,3481678.705286578
2020-10-10 17:00:00,3657521.3799242694
2020-10-10 18:00:00,3942514.0834014867
2020-10-10 19:00:00,4085227.7332192673
2020-10-10 20:00:00,4214331.966399068
2020-10-10 21:00:00,3808980.764176579
2020-10-10 22:00:00,3315245.058360664
2020-10-10 23:00:00,2798388.7281216225
2020-10-11 00:00:00,2341591.801755708
2020-10-11 01:00:00,2049215.7619433654
2020-10-11 02:00:00,1891232.3366872133
2020-10-11 03:00:00,1804522.066504444
2020-10-11 04:00:00,1763259.7114940071
2020-10-11 05:00:00,1804285.32245437
2020-10-11 06:00:00,1981705.7804125524
2020-10-11 07:00:00,2339729.060723062
2020-10-11 08:00:00,2919329.848047614
2020-10-11 09:00:00,3122106.352861059
2020-10-11 10:00:00,3143262.719191331
2020-10-11 11:00:00,3164435.506613743
2020-10-11 12:00:00,3010300.259857877
2020-10-11 13:00:00,2873661.402820871
2020-10-11 14:00:00,2935106.4676875332
2020-10-11 15:00:00,2984502.8779177275
2020-10-11 16:00:00,3128180.7060250896
2020-10-11 17:00:00,3319303.2021964444
2020-10-11 18:00:00,3627497.9517218564
2020-10-11 19:00:00,3801521.2953521973
2020-10-11 20:00:00,3969989.9665107904
2020-10-11 21:00:00,3611761.322896106
2020-10-11 22:00:00,3172368.2728939233
2020-10-11 23:00:00,2716305.3135263138
2020-10-12 00:00:00,2325769.2488952246
2020-10-12 01:00:00,2103948.995461316
2020-10-12 02:00:00,2019485.132829317
2020-10-12 03:00:00,2007804.5587882563
2020-10-12 04:00:00,2041546.2021436773
2020-10-12 05:00:00,2155975.3652421287
2020-10-12 06:00:00,2403630.1469678734
2020-10-12 07:00:00,2827200.7918074164
2020-10-12 08:00:00,3466239.1700428408
2020-10-12 09:00:00,3721056.854460103
2020-10-12 10:00:00,3785744.8795433156
2020-10-12 11:00:00,3841032.4867762295
2020-10-12 12:00:00,3710919.8530541863
2020-10-12 13:00:00,3587787.2189372675
2020-10-12 14:00:00,3652060.830401118
2020-10-12 15:00:00,3693713.55809526
2020-10-12 16:00:00,3819443.513785526
2020-10-12 17:00:00,3983032.6150534954
2020-10-12 18:00:00,4254958.361765089
2020-10-12 19:00:00,4385032.100432948
2020-10-12 20:00:00,4503098.58699402
2020-10-12 21:00:00,4089379.2677871524
2020-10-12 22:00:00,3590866.572041151
2020-10-12 23:00:00,3073566.936255562
2020-10-13 00:00:00,2621197.5004480057
2020-10-13 01:00:00,2338432.275538607
2020-10-13 02:00:00,2195319.8094357015
2020-10-13 03:00:00,2128579.01051748
2020-10-13 04:00:00,2111990.2706816746
2020-10-13 05:00:00,2181780.498808131
2020-10-13 06:00:00,2391246.3715159763
2020-10-13 07:00:00,2783617.29328085
2020-10-13 08:00:00,3398755.6882108217
2020-10-13 09:00:00,3637053.2651330214
2020-10-13 10:00:00,3692456.27369076
2020-10-13 11:00:00,3745336.746976176
2020-10-13 12:00:00,3619144.1925328113
2020-10-13 13:00:00,3505539.406555049
2020-10-13 14:00:00,3584089.9034568006
2020-10-13 15:00:00,3643803.756768932
2020-10-13 16:00:00,3790343.994143446
2020-10-13 17:00:00,3976424.2528532785
2020-10-13 18:00:00,4271457.6898602415
2020-10-13 19:00:00,4424231.171836156
2020-10-13 20:00:00,4563638.366045777
2020-10-13 21:00:00,4169053.063308457
2020-10-13 22:00:00,3686749.074893852
2020-10-13 23:00:00,3182163.6403892837
2020-10-14 00:00:00,2738608.6961672697
2020-10-14 01:00:00,2460525.42435294
2020-10-14 02:00:00,2317903.951940176
2020-10-14 03:00:00,2247574.9249705374
2020-10-14 04:00:00,2223590.3851643526
2020-10-14 05:00:00,2282593.0513057467
2020-10-14 06:00:00,2478418.9901474575
2020-10-14 07:00:00,2854936.007019986
2020-10-14 08:00:00,3452716.3452527886
2020-10-14 09:00:00,3672903.395766279
2020-10-14 10:00:00,3710206.548407965
2020-10-14 11:00:00,3745742.308308029
2020-10-14 12:00:00,3603657.2402961715
2020-10-14 13:00:00,3476235.4517557966
2020-10-14 14:00:00,3543571.0395328444
2020-10-14 15:00:00,3595083.0957147395
2020-10-14 16:00:00,3736716.051893456
2020-10-14 17:00:00,3921326.5217303205
2020-10-14 18:00:00,4218328.891247157
2020-10-14 19:00:00,4376371.732071327
2020-10-14 20:00:00,4524078.502884647
2020-10-14 21:00:00,4140433.5165470983
2020-10-14 22:00:00,3671218.977428449
2020-10-14 23:00:00,3181299.326143138
2020-10-15 00:00:00,2753356.4057648345
2020-10-15 01:00:00,2491169.9297380988
2020-10-15 02:00:00,2364064.1125068627
2020-10-15 03:00:00,2308226.1477284143
2020-10-15 04:00:00,2297112.9284761506
2020-10-15 05:00:00,2366844.123897517
2020-10-15 06:00:00,2570825.690673885
2020-10-15 07:00:00,2952605.3576671113
2020-10-15 08:00:00,3552558.024581331
2020-10-15 09:00:00,3771760.2948340257
2020-10-15 10:00:00,3804987.9775957474
2020-10-15 11:00:00,3833554.5808698684
2020-10-15 12:00:00,3681926.455973
2020-10-15 13:00:00,3542817.5960772466
2020-10-15 14:00:00,3596844.9908053707
2020-10-15 15:00:00,3634022.7745536338
2020-10-15 16:00:00,3760938.7338162074
2020-10-15 17:00:00,3931115.2328776605
2020-10-15 18:00:00,4214627.787647362
2020-10-15 19:00:00,4360754.387941571
2020-10-15 20:00:00,4498690.065517893
2020-10-15 21:00:00,4107908.68630047
2020-10-15 22:00:00,3634578.7042040774
2020-10-15 23:00:00,3143829.943934149
2020-10-16 00:00:00,2718475.623380631
2020-10-16 01:00:00,2462284.6325573507
2020-10-16 02:00:00,2344425.2866105814
2020-10-16 03:00:00,2300786.4000869375
2020-10-16 04:00:00,2304392.038078235
2020-10-16 05:00:00,2390807.819148543
2020-10-16 06:00:00,2612782.4156817286
2020-10-16 07:00:00,3013125.178837634
2020-10-16 08:00:00,3631417.060446096
2020-10-16 09:00:00,3867913.1532111648
2020-10-16 10:00:00,3916569.6868573697
2020-10-16 11:00:00,3957912.441797832
2020-10-16 12:00:00,3815681.155420459
2020-10-16 13:00:00,3681951.852519404
2020-10-16 14:00:00,3736816.9836668554
2020-10-16 15:00:00,3769900.6810694193
2020-10-16 16:00:00,3887551.8932289733
2020-10-16 17:00:00,4043216.8078526133
2020-10-16 18:00:00,4307063.321419333
2020-10-16 19:00:00,4428630.381175316
2020-10-16 20:00:00,4537536.630521982
2020-10-16 21:00:00,4113830.4820785997
2020-10-16 22:00:00,3604388.7103073034
2020-10-16 23:00:00,3075161.1831811466
2020-10-17 00:00:00,2609866.675126856
2020-10-17 01:00:00,2313235.6646861043
2020-10-17 02:00:00,2155422.3455100106
2020-10-17 03:00:00,2073292.7986339908
2020-10-17 04:00:00,2040806.8337422835
2020-10-17 05:00:00,2094392.5373241312
2020-10-17 06:00:00,2287558.3061747095
2020-10-17 07:00:00,2663744.355738433
2020-10-17 08:00:00,3263011.82931814
2020-10-17 09:00:00,3485928.6400423446
2020-10-17 10:00:00,3526585.5208032103
2020-10-17 11:00:00,3565459.6844893075
2020-10-17 12:00:00,3426060.896366759
2020-10-17 13:00:00,3300061.893131403
2020-10-17 14:00:00,3366992.8096686234
2020-10-17 15:00:00,3415776.4804398078
2020-10-17 16:00:00,3551946.727947481
2020-10-17 17:00:00,3728050.213538355
2020-10-17 18:00:00,4013303.616989405
2020-10-17 19:00:00,4156277.854151519
2020-10-17 20:00:00,4285642.560394933
2020-10-17 21:00:00,3880551.715303441
2020-10-17 22:00:00,3387076.2490327796
2020-10-17 23:00:00,2870480.039099518
2020-10-18 00:00:00,2413943.1121452777
2020-10-18 01:00:00,2121826.9491947996
2020-10-18 02:00:00,1964103.276594377
2020-10-18 03:00:00,1877652.6332039163
2020-10-18 04:00:00,1836649.7774646068
2020-10-18 05:00:00,1877934.7585158837
2020-10-18 06:00:00,2055614.4557253057
2020-10-18 07:00:00,2413896.8427870125
2020-10-18 08:00:00,2993756.6027019
2020-10-18 09:00:00,3196791.944282993
2020-10-18 10:00:00,3218207.009895721
2020-10-18 11:00:00,3239638.357452407
2020-10-18 12:00:00,3085761.5300189713
2020-10-18 13:00:00,2949380.9498280715
2020-10-18 14:00:00,3011084.147399596
2020-10-18 15:00:00,3060738.5445277495
2020-10-18 16:00:00,3204674.212060047
2020-10-18 17:00:00,3396054.398516583
2020-10-18 18:00:00,3704506.687520148
2020-10-18 19:00:00,3878787.4181539025
2020-10-18 20:00:00,4047513.3221726026
2020-10-18 21:00:00,3689541.755606193
2020-10-18 22:00:00,3250405.6251710784
2020-10-18 23:00:00,2794599.42621964
2020-10-19 00:00:00,2404319.961183648
2020-10-19 01:00:00,2182756.1448531784
2020-10-19 02:00:00,2098548.555162041
2020-10-19 03:00:00,2087124.088227997
2020-10-19 04:00:00,2121121.6711845063
2020-10-19 05:00:00,2235806.604706469
2020-10-19 06:00:00,2483716.986005629
2020-10-19 07:00:00,2907543.057895912
2020-10-19 08:00:00,3546836.688986118
2020-10-19 09:00:00,3801909.450389287
2020-10-19 10:00:00,3866852.3749159034
2020-10-19 11:00:00,3922394.7023760816
2020-10-19 12:00:00,3792536.607991097
2020-10-19 13:00:00,3669658.330646961
2020-10-19 14:00:00,3734186.114645071
2020-10-19 15:00:00,3776092.828960356
2020-10-19 16:00:00,3902076.583684199
2020-10-19 17:00:00,4065919.29472332
2020-10-19 18:00:00,4338098.46026885
2020-10-19 19:00:00,4468425.425158498
2020-10-19 20:00:00,4586744.9436543025
2020-10-19 21:00:00,4173278.460419995
2020-10-19 22:00:00,3675018.4030093816
2020-10-19 23:00:00,3157971.2062468794
2020-10-20 00:00:00,2705854.0084751993
2020-10-20 01:00:00,2423340.8189392667
2020-10-20 02:00:00,2280480.1838725456
2020-10-20 03:00:00,2213991.0099781826
2020-10-20 04:00:00,2197653.687479247
2020-10-20 05:00:00,2267695.123580737
2020-10-20 06:00:00,2477411.9932272
2020-10-20 07:00:00,2870033.6992198727
2020-10-20 08:00:00,3485422.6639923654
2020-10-20 09:00:00,3723970.5946977464
2020-10-20 10:00:00,3779623.739305383
2020-10-20 11:00:00,3832754.1292337165
2020-10-20 12:00:00,3706811.2703526462
2020-10-20 13:00:00,3593455.9571835715
2020-10-20 14:00:00,3672255.702467189
2020-10-20 15:00:00,3732218.5780618354
2020-10-20 16:00:00,3879007.6099470835
2020-10-20 17:00:00,4065336.4337238194
2020-10-20 18:00:00,4360618.204682157
2020-10-20 19:00:00,4513639.787822586
2020-10-20 20:00:00,4653294.848738851
2020-10-20 21:00:00,4258957.1765798135
2020-10-20 22:00:00,3776900.5809449772
2020-10-20 23:00:00,3272562.299751968
2020-10-21 00:00:00,2829254.2677040696
2020-10-21 01:00:00,2551417.6652577105
2020-10-21 02:00:00,2409042.6177383163
2020-10-21 03:00:00,2338959.7695199694
2020-10-21 04:00:00,2315221.160655495
2020-10-21 05:00:00,2374469.5082626385
2020-10-21 06:00:00,2570540.8774277675
2020-10-21 07:00:00,2947303.0718160765
2020-10-21 08:00:00,3545328.3330920893
2020-10-21 09:00:00,3765760.0505119204
2020-10-21 10:00:00,3803307.612259464
2020-10-21 11:00:00,3839087.5218019476
2020-10-21 12:00:00,3697246.3423068137
2020-10-21 13:00:00,3570068.1794958413
2020-10-21 14:00:00,3637647.1285541966
2020-10-21 15:00:00,3689402.2799091493
2020-10-21 16:00:00,3831278.0634932886
2020-10-21 17:00:00,4016131.091309471
2020-10-21 18:00:00,4313375.747721638
2020-10-21 19:00:00,4471660.602700333
2020-10-21 20:00:00,4619609.113271065
2020-10-21 21:00:00,4236205.590638668
2020-10-21 22:00:00,3767232.237518474
2020-10-21 23:00:00,3277553.49287137
2020-10-22 00:00:00,2849851.198118558
2020-10-22 01:00:00,2587905.065052761
2020-10-22 02:00:00,2461039.306467309
2020-10-22 03:00:00,2405441.1143696895
2020-10-22 04:00:00,2394567.3801845466
2020-10-22 05:00:00,2464537.771411495
2020-10-22 06:00:00,2668758.2430852377
2020-10-22 07:00:00,3050776.522421871
2020-10-22 08:00:00,3650967.5074809035
2020-10-22 09:00:00,3870407.800036251
2020-10-22 10:00:00,3903873.2076159734
2020-10-22 11:00:00,3932677.2365821674
2020-10-22 12:00:00,3781286.2366111632
2020-10-22 13:00:00,3642414.1992360023
2020-10-22 14:00:00,3696678.1124415686
2020-10-22 15:00:00,3734092.1089873845
2020-10-22 16:00:00,3861243.9737322493
2020-10-22 17:00:00,4031656.069326357
2020-10-22 18:00:00,4315403.910046121
2020-10-22 19:00:00,4461765.4840760315
2020-10-22 20:00:00,4599935.821543251
2020-10-22 21:00:00,4209388.7867427645
2020-10-22 22:00:00,3736292.83196151
2020-10-22 23:00:00,3245777.780278434
2020-10-23 00:00:00,2820656.8479583166
2020-10-23 01:00:00,2564698.9233912965
2020-10-23 02:00:00,2447072.320101265
2020-10-23 03:00:00,2403665.8510138923
2020-10-23 04:00:00,2407503.579601538
2020-10-23 05:00:00,2494151.122810114
2020-10-23 06:00:00,2716357.1514070756
2020-10-23 07:00:00,3116931.014936974
2020-10-23 08:00:00,3735453.663616216
2020-10-23 09:00:00,3972180.188536766
2020-10-23 10:00:00,4021066.8178126416
2020-10-23 11:00:00,4062639.3302480527
2020-10-23 12:00:00,3920637.4616235415
2020-10-23 13:00:00,3787137.235127511
2020-10-23 14:00:00,3842231.0997280166
2020-10-23 15:00:00,3875543.1860291464
2020-10-23 16:00:00,3993422.4409320583
2020-10-23 17:00:00,4149315.0505445297
2020-10-23 18:00:00,4413388.909748171
2020-10-23 19:00:00,4535182.964193496
2020-10-23 20:00:00,4644315.855687931
2020-10-23 21:00:00,4220835.995258408
2020-10-23 22:00:00,3711620.155776442
2020-10-23 23:00:00,3182618.203626642
2020-10-24 00:00:00,2717548.911648652
2020-10-24 01:00:00,2421142.756799129
2020-10-24 02:00:00,2263553.9311458613
2020-10-24 03:00:00,2181648.514143218
2020-10-24 04:00:00,2149386.3138956116
2020-10-24 05:00:00,2203195.4153148695
2020-10-24 06:00:00,2396584.2136204247
2020-10-24 07:00:00,2772992.922682968
2020-10-24 08:00:00,3372482.6842336124
2020-10-24 09:00:00,3595621.409831031
2020-10-24 10:00:00,3636499.8307994753
2020-10-24 11:00:00,3675595.1584618515
2020-10-24 12:00:00,3536417.156520423
2020-10-24 13:00:00,3410638.560109292
2020-10-24 14:00:00,3477789.502554168
2020-10-24 15:00:00,3526792.816758935
2020-10-24 16:00:00,3663182.323670462
2020-10-24 17:00:00,3839504.6830821494
2020-10-24 18:00:00,4124976.573219746
2020-10-24 19:00:00,4268168.908384981
2020-10-24 20:00:00,4397751.322401367
2020-10-24 21:00:00,3992877.793307736
2020-10-24 22:00:00,3499619.249717467
2020-10-24 23:00:00,2983239.567606831
2020-10-25 00:00:00,2526918.772079354
2020-10-25 01:00:00,2235018.3426240124
2020-10-25 02:00:00,2077510.0040535226
2020-10-25 03:00:00,1991274.2936968235
2020-10-25 04:00:00,1950485.9684659857
2020-10-25 05:00:00,1991985.075973976
2020-10-25 06:00:00,2169878.4940640777
2020-10-25 07:00:00,2528374.194908853
2020-10-25 08:00:00,3108446.8599895528
2020-10-25 09:00:00,3311694.696602126
2020-10-25 10:00:00,3333321.845597527
2020-10-25 11:00:00,3354964.8633759255
2020-10-25 12:00:00,3201299.291493434
2020-10-25 13:00:00,3065129.5506754946
2020-10-25 14:00:00,3127043.169937391
2020-10-25 15:00:00,3176907.56957096
2020-10-25 16:00:00,3321052.818924132
2020-10-25 17:00:00,3512642.1650198363
2020-10-25 18:00:00,3821303.189986371
2020-10-25 19:00:00,3995792.2314146855
2020-10-25 20:00:00,4164726.019570361
2020-10-25 21:00:00,3806961.908996522
2020-10-25 22:00:00,3368032.8049255814
2020-10-25 23:00:00,2912433.2012280356
2020-10-26 00:00:00,2522359.898857278
2020-10-26 01:00:00,2301001.8111271015
2020-10-26 02:00:00,2216999.5144981113
2020-10-26 03:00:00,2205779.9036169117
2020-10-26 04:00:00,2239981.9041494713
2020-10-26 05:00:00,2354870.8153053764
2020-10-26 06:00:00,2602984.732834089
2020-10-26 07:00:00,3027013.8980895746
2020-10-26 08:00:00,3666510.178224193
2020-10-26 09:00:00,3921785.142896892
2020-10-26 10:00:00,3986929.8234670716
2020-10-26 11:00:00,4042673.458296534
2020-10-26 12:00:00,3913016.221161251
2020-10-26 13:00:00,3790338.3495046734
2020-10-26 14:00:00,3855066.0861887126
2020-10-26 15:00:00,3897172.2987516383
2020-10-26 16:00:00,4023355.0958511536
2020-10-26 17:00:00,4187396.391963276
2020-10-26 18:00:00,4459773.68385136
2020-10-26 19:00:00,4590298.314928529
2020-10-26 20:00:00,4708815.038034918
2020-10-26 21:00:00,4295545.296415709
2020-10-26 22:00:00,3797481.5162089756
2020-10-26 23:00:00,3280630.1308267536
2020-10-27 00:00:00,2828708.277202137
2020-10-27 01:00:00,2546389.963173695
2020-10-27 02:00:00,2403723.733571682
2020-10-27 03:00:00,2337428.493699157
2020-10-27 04:00:00,2321284.6323821577
2020-10-27 05:00:00,2391519.055431921
2020-10-27 06:00:00,2601428.43640238
2020-10-27 07:00:00,2994242.1767073125
2020-10-27 08:00:00,3609822.697396266
2020-10-27 09:00:00,3848561.704241305
2020-10-27 10:00:00,3904405.4438341158
2020-10-27 11:00:00,3957725.946218702
2020-10-27 12:00:00,3831972.7158937156
2020-10-27 13:00:00,3718806.546012926
2020-10-27 14:00:00,3797794.947952367
2020-10-27 15:00:00,3857945.992209145
2020-10-27 16:00:00,4004922.7034051
2020-10-27 17:00:00,4191438.71578662
2020-10-27 18:00:00,4486907.183292755
2020-10-27 19:00:00,4640114.969576243
2020-10-27 20:00:00,4779955.7388866395
2020-10-27 21:00:00,4385803.279031931
2020-10-27 22:00:00,3903931.3982741977
2020-10-27 23:00:00,3399777.333197265
2020-10-28 00:00:00,2956653.0171738006
2020-10-28 01:00:00,2678999.6293335026
2020-10-28 02:00:00,2536807.293678103
2020-10-28 03:00:00,2466906.653262022
2020-10-28 04:00:00,2443349.7468216945
2020-10-28 05:00:00,2502779.2901618704
2020-10-28 06:00:00,2699031.3470599535
2020-10-28 07:00:00,3075973.7198753627
2020-10-28 08:00:00,3674178.648970622
2020-10-28 09:00:00,3894789.522303463
2020-10-28 10:00:00,3932515.726763023
2020-10-28 11:00:00,3968473.7645254238
2020-10-28 12:00:00,3826810.1974707493
2020-10-28 13:00:00,3699809.130036944
2020-10-28 14:00:00,3767564.6561291935
2020-10-28 15:00:00,3819495.864898424
2020-10-28 16:00:00,3961547.185004672
2020-10-28 17:00:00,4146575.2271818887
2020-10-28 18:00:00,4443994.374529062
2020-10-28 19:00:00,4602453.195755251
2020-10-28 20:00:00,4750575.146628646
2020-10-28 21:00:00,4367344.537100326
2020-10-28 22:00:00,3898543.5686358325
2020-10-28 23:00:00,3409036.678949829
2020-10-29 00:00:00,2981505.708221602
2020-10-29 01:00:00,2719730.3670054134
2020-10-29 02:00:00,2593034.866860252
2020-10-29 03:00:00,2537606.3985630753
2020-10-29 04:00:00,2526901.852311933
2020-10-29 05:00:00,2597040.8943838403
2020-10-29 06:00:00,2801429.478594701
2020-10-29 07:00:00,3183615.330945955
2020-10-29 08:00:00,3783973.348286278
2020-10-29 09:00:00,4003580.131182806
2020-10-29 10:00:00,4037211.485960837
2020-10-29 11:00:00,4066180.9177836883
2020-10-29 12:00:00,3914954.775132996
2020-10-29 13:00:00,3776247.0483511095
2020-10-29 14:00:00,3830674.7242362974
2020-10-29 15:00:00,3868251.934365633
2020-10-29 16:00:00,3995566.4624193604
2020-10-29 17:00:00,4166140.6698734215
2020-10-29 18:00:00,4450050.069833988
2020-10-29 19:00:00,4596572.64931952
2020-10-29 20:00:00,4734903.437295229
2020-10-29 21:00:00,4344516.2968983585
2020-10-29 22:00:00,3871579.6792623154
2020-10-29 23:00:00,3381223.4063165793
2020-10-30 00:00:00,2956260.693180826
2020-10-30 01:00:00,2700460.427104225
2020-10-30 02:00:00,2582990.920474
2020-10-30 03:00:00,2539740.98508324
2020-10-30 04:00:00,2543734.6832761834
2020-10-30 05:00:00,2630537.630874891
2020-10-30 06:00:00,2852898.497527061
2020-10-30 07:00:00,3253626.6316620135
2020-10-30 08:00:00,3872302.982385116
2020-10-30 09:00:00,4109182.639681682
2020-10-30 10:00:00,4158221.8305633883
2020-10-30 11:00:00,4199946.3327364605
2020-10-30 12:00:00,4058095.8808878865
2020-10-30 13:00:00,3924746.497116863
2020-10-30 14:00:00,3979990.629306621
2020-10-30 15:00:00,4013452.4069809783
2020-10-30 16:00:00,4131480.775964937
2020-10-30 17:00:00,4287521.921294918
2020-10-30 18:00:00,4551743.73678548
2020-10-30 19:00:00,4673685.167024434
2020-10-30 20:00:00,4782964.8527610805
2020-10-30 21:00:00,4359631.203968939
2020-10-30 22:00:00,3850560.9924700884
2020-10-30 23:00:00,3321704.083604952
2020-10-31 00:00:00,2856779.249172839
2020-10-31 01:00:00,2560516.965094977
2020-10-31 02:00:00,2403071.4224082525
2020-10-31 03:00:00,2321308.6995405224
2020-10-31 04:00:00,2289188.6035745637
2020-10-31 05:00:00,2343139.2184048565
2020-10-31 06:00:00,2536668.9382384242
2020-10-31 07:00:00,2913217.9759379416
2020-10-31 08:00:00,3512847.472231123
2020-10-31 09:00:00,3736125.33767807
2020-10-31 10:00:00,3777142.302608953
2020-10-31 11:00:00,3816375.577357359
2020-10-31 12:00:00,3677334.9246409023
2020-10-31 13:00:00,3551693.0786137306
2020-10-31 14:00:00,3618980.1716263215
2020-10-31 15:00:00,3668119.035611949
2020-10-31 16:00:00,3804643.490551847
2020-10-31 17:00:00,3981100.1952783163
2020-10-31 18:00:00,4266705.827060858
2020-10-31 19:00:00,4410031.299249566
2020-10-31 20:00:00,4539746.244721425
2020-10-31 21:00:00,4135004.64057312
2020-10-31 22:00:00,3641877.4144811146
2020-10-31 23:00:00,3125628.441489232
