Data;Ora;ARIMA;UCM;ML
2020-09-01;1;2523303.7334343707;2500068.107679993;3019115.0
2020-09-01;2;2292838.330412088;2284596.1969725983;2792928.8
2020-09-01;3;2199423.0322871404;2269283.73734035;2678301.0
2020-09-01;4;2171706.2846608344;2370779.703746032;2717490.0
2020-09-01;5;2184671.744694729;2524727.4804661847;2885874.8
2020-09-01;6;2278373.383061993;2714486.696340816;3176577.0
2020-09-01;7;2521980.169062893;2986717.6672699037;3487995.8
2020-09-01;8;2944799.7411317863;3332901.2424383927;3791635.0
2020-09-01;9;3620528.107488597;3828083.599181958;4051576.8
2020-09-01;10;3862000.365678445;3918881.797201908;4160761.5
2020-09-01;11;3908419.1883807546;3843228.316558912;4152128.8
2020-09-01;12;3951048.0185618536;3799482.097523555;4076747.5
2020-09-01;13;3801975.287782622;3630202.4090968855;4004777.0
2020-09-01;14;3697102.0603270163;3526245.8474434563;3998585.8
2020-09-01;15;3784479.1082869386;3673078.1513723163;4104320.5
2020-09-01;16;3842168.826702976;3840720.7787846364;4309259.5
2020-09-01;17;3977648.545181722;4112584.604487565;4565134.0
2020-09-01;18;4139368.03501769;4410560.100690356;4762501.0
2020-09-01;19;4417916.452376104;4780436.8069665665;4889573.5
2020-09-01;20;4538802.73264971;4975142.914361804;4839968.5
2020-09-01;21;4676893.454768058;5099724.5404611435;4584760.5
2020-09-01;22;4275580.1214111615;4635080.220199842;4195233.0
2020-09-01;23;3785380.70788185;4080058.0471127;3777613.5
2020-09-01;24;3282447.2451743768;3482573.9925313927;3383450.0
2020-09-02;1;2851098.82958903;2942841.840574952;3012936.5
2020-09-02;2;2587931.2067949767;2613920.0047719963;2798131.8
2020-09-02;3;2459434.896974367;2489616.1655598124;2684662.8
2020-09-02;4;2400041.789908779;2494683.582349809;2718523.0
2020-09-02;5;2384165.1860926617;2570817.2550405813;2883437.5
2020-09-02;6;2449589.43488715;2706010.885170304;3171688.5
2020-09-02;7;2654878.022352162;2950350.181360708;3495749.0
2020-09-02;8;3039754.731460506;3297112.3457584376;3808742.0
2020-09-02;9;3654866.3458825136;3820621.7211752813;4045983.0
2020-09-02;10;3875287.3557106582;3963350.235471129;4138451.8
2020-09-02;11;3909202.3903413317;3955301.319261798;4164590.8
2020-09-02;12;3940971.0988863814;3983741.299044173;4071933.8
2020-09-02;13;3791357.560998443;3878691.867102947;3980834.8
2020-09-02;14;3665818.313497955;3819554.562909311;3996239.5
2020-09-02;15;3735063.635730265;3984118.9305796544;4107129.5
2020-09-02;16;3785253.68545884;4140570.31162372;4285950.5
2020-09-02;17;3922873.147519518;4377041.374089718;4553659.0
2020-09-02;18;4099509.1345302532;4625712.299113323;4761623.0
2020-09-02;19;4390881.090761532;4945664.112636154;4870312.0
2020-09-02;20;4538706.741526767;5102604.205996984;4822294.5
2020-09-02;21;4685297.725116949;5210348.162837688;4568481.5
2020-09-02;22;4298924.8507063575;4752096.467671052;4201045.0
2020-09-02;23;3826634.00585404;4221882.4258165015;3768136.8
2020-09-02;24;3336479.9035625285;3657114.384987643;3388262.0
2020-09-03;1;2911444.2675667517;3144956.7431654814;3028244.2
2020-09-03;2;2652970.8823463856;2826875.741650247;2798982.8
2020-09-03;3;2529341.977863959;2690222.535264922;2698996.5
2020-09-03;4;2476030.534536901;2660671.9201009925;2724120.2
2020-09-03;5;2466601.01007373;2688301.050307104;2908442.2
2020-09-03;6;2537512.989102372;2774768.393809393;3175702.0
2020-09-03;7;2743579.991117886;2985241.4061342194;3531502.5
2020-09-03;8;3127115.8880271236;3325038.149734662;3797730.5
2020-09-03;9;3731495.2159882025;3873738.048647224;4011546.0
2020-09-03;10;3950032.7175558;4070381.5690762135;4129374.0
2020-09-03;11;3981516.3764534285;4133413.3571719457;4124261.8
2020-09-03;12;4008225.3288705735;4233338.236506225;4028904.0
2020-09-03;13;3853618.81213756;4182711.061899095;3972450.8
2020-09-03;14;3714332.8339895005;4147561.06077238;3985994.8
2020-09-03;15;3768190.40860812;4300120.3782936735;4075971.5
2020-09-03;16;3804235.3429270606;4412384.256043707;4279498.5
2020-09-03;17;3929216.281756601;4584575.968970979;4524942.5
2020-09-03;18;4096277.603994972;4765813.876958285;4763163.0
2020-09-03;19;4377372.120696345;5032163.159429213;4879913.0
2020-09-03;20;4519714.204010615;5161574.357051489;4833644.0
2020-09-03;21;4656574.461860045;5271978.644988488;4594825.0
2020-09-03;22;4264236.878509291;4841561.057026014;4208680.5
2020-09-03;23;3789246.1632431527;4351877.831002208;3791550.8
2020-09-03;24;3297682.026759915;3824250.6751966174;3402495.5
2020-09-04;1;2872446.9757964225;3331053.525090308;3057828.8
2020-09-04;2;2616614.3923922824;3004779.499522261;2825274.0
2020-09-04;3;2499042.3480959767;2832433.2218860644;2711848.8
2020-09-04;4;2455407.005826404;2748238.3422960574;2736632.8
2020-09-04;5;2458764.4585910225;2717356.2034370056;2908989.0
2020-09-04;6;2544781.5339771486;2758752.079559192;3171248.8
2020-09-04;7;2766625.9991218345;2952099.313393517;3487795.2
2020-09-04;8;3166739.832730341;3310131.3073254987;3806815.8
2020-09-04;9;3785597.111976165;3910424.809770793;4032755.8
2020-09-04;10;4021141.882317955;4180893.253755285;4107213.5
2020-09-04;11;4068524.976112052;4322550.550538823;4138098.8
2020-09-04;12;4108559.685131436;4486704.370622014;4051741.5
2020-09-04;13;3964685.885741826;4469916.976571893;3991632.5
2020-09-04;14;3830147.3607894117;4429454.802263823;4019402.5
2020-09-04;15;3884204.672342818;4538016.78541528;4093481.2
2020-09-04;16;3916193.0445853937;4576789.144649195;4308500.0
2020-09-04;17;4032509.32192418;4661138.597841727;4598865.0
2020-09-04;18;4186487.1504344656;4757105.694432615;4813158.5
2020-09-04;19;4448853.381499971;4955098.743653512;4939752.0
2020-09-04;20;4568532.533645742;5041496.720276697;4868579.5
2020-09-04;21;4676356.7304543685;5135277.8290937785;4592717.0
2020-09-04;22;4251424.617355828;4708954.33842248;4229481.5
2020-09-04;23;3740724.9979800815;4234107.688879285;3829739.0
2020-09-04;24;3210490.5646254364;3721099.000556031;3413733.8
2020-09-05;1;2744466.678308499;3233512.4875991987;3057245.2
2020-09-05;2;2447176.735528505;2899293.410146377;2834156.5
2020-09-05;3;2288682.5581072336;2705607.7565603415;2730113.8
2020-09-05;4;2205786.9126961892;2590440.4464771254;2759738.0
2020-09-05;5;2172459.1465011872;2524159.867161559;2911788.0
2020-09-05;6;2225157.481810859;2530023.696224673;3190453.0
2020-09-05;7;2417515.0998374126;2689372.68954556;3541750.0
2020-09-05;8;2792862.834461316;3013511.8131035627;3860293.8
2020-09-05;9;3391527.7532443125;3576395.275750322;4033838.8
2020-09-05;10;3613389.6700205943;3802036.296847399;4166683.2
2020-09-05;11;3652895.005051103;3889481.798098602;4151407.2
2020-09-05;12;3690606.577506032;3991676.9450898236;4055485.5
2020-09-05;13;3549944.8722666367;3910895.551822055;3994632.5
2020-09-05;14;3422930.320609873;3813197.13538338;4023193.0
2020-09-05;15;3488845.3689982337;3880939.463404302;4133641.0
2020-09-05;16;3536526.832727672;3903064.8857106254;4329893.5
2020-09-05;17;3671522.7965352237;3998362.4514225717;4579999.5
2020-09-05;18;3846346.4146776423;4130686.969063383;4802160.5
2020-09-05;19;4130380.7939998107;4383010.222280019;4914895.5
2020-09-05;20;4272013.909349363;4530973.761327985;4866422.5
2020-09-05;21;4400276.7042388255;4682500.927122072;4640991.5
2020-09-05;22;3994040.3722087983;4301832.014897705;4272408.0
2020-09-05;23;3499409.2010085173;3857285.643364977;3835355.0
2020-09-05;24;2981731.279011642;3361573.375266507;3428141.2
2020-09-06;1;2524194.55044658;2884970.4488474415;3054904.5
2020-09-06;2;2231098.840471563;2563645.419275352;2837903.2
2020-09-06;3;2072388.3738679853;2391030.0723934867;2718715.2
2020-09-06;4;1984924.839624021;2306365.6562497527;2758570.8
2020-09-06;5;1942885.8375450447;2274696.78465011;2918218.0
2020-09-06;6;1983120.391160868;2307925.108124815;3197820.2
2020-09-06;7;2159772.535308341;2472682.165333949;3528876.8
2020-09-06;8;2517017.677615526;2766374.3114130283;3825077.8
2020-09-06;9;3095909.680130133;3254375.1733207563;4028185.2
2020-09-06;10;3297841.8758140323;3360970.610534135;4175809.5
2020-09-06;11;3318124.3125373074;3295788.8294910514;4179884.0
2020-09-06;12;3338419.03866923;3231474.622006008;4103388.8
2020-09-06;13;3183375.0162651083;2995442.757590665;4010173.0
2020-09-06;14;3045900.1932848827;2779031.843439633;4051989.5
2020-09-06;15;3106508.3541941717;2784422.907329252;4135702.8
2020-09-06;16;3155041.310813697;2810485.259228812;4349603.0
2020-09-06;17;3297833.3822248746;2973904.5142937773;4605230.5
2020-09-06;18;3488037.8421552815;3225116.577100105;4814819.0
2020-09-06;19;3795331.828665641;3625709.438465879;4933983.5
2020-09-06;20;3968417.212996029;3927060.9296498136;4877254.5
2020-09-06;21;4136018.3060529744;4215440.85681321;4649174.0
2020-09-06;22;3776908.267768386;3940558.306742469;4296512.0
2020-09-06;23;3336629.9386804188;3565798.4850862725;3866401.5
2020-09-06;24;2879702.8892332106;3108515.29288178;3463883.0
2020-09-07;1;2488326.2810868947;2650912.320274172;3094037.2
2020-09-07;2;2265670.6731823334;2344627.1013733083;2871899.2
2020-09-07;3;2180368.456856411;2198024.3321980773;2760229.2
2020-09-07;4;2167840.9176300648;2161426.0848788307;2784423.5
2020-09-07;5;2200727.8304882008;2205297.141678136;2934104.5
2020-09-07;6;2314297.170038199;2341211.306306908;3196472.0
2020-09-07;7;2561098.0981851555;2631027.909047805;3525700.2
2020-09-07;8;2983811.1632681633;3064918.2589286333;3817477.0
2020-09-07;9;3622011.8108816263;3700395.5552074495;4062441.8
2020-09-07;10;3875950.613456667;3954316.507196284;4170761.5
2020-09-07;11;3939750.138454172;4029351.983216271;4196741.0
2020-09-07;12;3994147.21723616;4090919.3337591668;4103310.5
2020-09-07;13;3863134.1126119737;3958011.800191862;4024696.2
2020-09-07;14;3739121.889581782;3811976.2419469594;4078631.5
2020-09-07;15;3802514.836939366;3844171.109511554;4162111.5
2020-09-07;16;3843278.2003968083;3843826.105428908;4364548.5
2020-09-07;17;3968111.356897962;3922094.5127813886;4611932.5
2020-09-07;18;4130793.2543890285;4030999.900552712;4805142.0
2020-09-07;19;4401816.147588745;4242890.81798307;4942703.5
2020-09-07;20;4530975.165848969;4329230.126358182;4903618.0
2020-09-07;21;4648147.09649595;4403443.806816742;4673527.5
2020-09-07;22;4233528.317313451;3944966.511663306;4302612.0
2020-09-07;23;3734114.215615203;3443579.4836852574;3888110.0
2020-09-07;24;3215918.694219523;2933776.483026545;3464897.5
2020-09-08;1;2762659.5959572545;2501230.0970372465;3103012.5
2020-09-08;2;2479005.466778803;2285758.186329852;2869282.5
2020-09-08;3;2335002.417467479;2270445.726697605;2762076.2
2020-09-08;4;2267367.686274792;2371941.6931032883;2790829.8
2020-09-08;5;2249881.9179465384;2525889.46982344;2950389.5
2020-09-08;6;2318772.817925116;2715648.6856980724;3221933.5
2020-09-08;7;2527340.3577015502;2987879.6566271624;3525447.8
2020-09-08;8;2918811.055712692;3334063.231795652;3845231.5
2020-09-08;9;3533054.356419336;3829245.588539218;4092095.0
2020-09-08;10;3770443.807102957;3920043.786559169;4199945.5
2020-09-08;11;3824935.047126768;3844390.305916175;4188241.8
2020-09-08;12;3876902.370395992;3800644.086880821;4118646.5
2020-09-08;13;3749792.9290622417;3631364.398454154;4056750.5
2020-09-08;14;3635276.69810696;3527407.8368007243;4054822.0
2020-09-08;15;3712914.655322485;3674240.140729585;4144380.0
2020-09-08;16;3771712.604969965;3841882.768141905;4334850.5
2020-09-08;17;3917333.952420858;4113746.5938448333;4634697.0
2020-09-08;18;4102491.4517867286;4411722.090047623;4839662.5
2020-09-08;19;4396602.654240029;4781598.796323828;4969206.5
2020-09-08;20;4548449.598938009;4976304.903719064;4907588.0
2020-09-08;21;4686935.491362996;5100886.529818402;4669255.0
2020-09-08;22;4291426.6593889035;4636242.2095570965;4340091.5
2020-09-08;23;3808197.7961171186;4081220.036469953;3895576.2
2020-09-08;24;3302688.365276791;3483735.9818886444;3474265.0
2020-09-09;1;2858210.5135981413;2944003.8299322026;3127014.5
2020-09-09;2;2579203.7971527847;2615081.9941292475;2885408.2
2020-09-09;3;2435657.6184137114;2490778.1549170646;2779742.8
2020-09-09;4;2364402.127281273;2495845.571707061;2804432.0
2020-09-09;5;2339489.441898386;2571979.244397832;2965198.5
2020-09-09;6;2397562.5193698574;2707172.874527556;3245790.5
2020-09-09;7;2592458.408635861;2951512.1707179607;3572567.0
2020-09-09;8;2968044.056894389;3298274.335115691;3849892.5
2020-09-09;9;3564893.798922445;3821783.7105325367;4062483.5
2020-09-09;10;3784145.6193353133;3964512.224828386;4178351.0
2020-09-09;11;3820511.7049131123;3956463.3086190573;4187290.2
2020-09-09;12;3855109.235138208;3984903.2884014337;4131031.0
2020-09-09;13;3712084.074754857;3879853.8564602085;4057928.8
2020-09-09;14;3583723.0653046863;3820716.5522665763;4042480.8
2020-09-09;15;3650118.358631584;3985280.9199369177;4153284.8
2020-09-09;16;3700688.3724096483;4141732.3009809833;4334555.0
2020-09-09;17;3841377.651953119;4378203.36344698;4585349.5
2020-09-09;18;4025042.549235712;4626874.288470581;4845776.0
2020-09-09;19;4321098.759908178;4946826.101993412;4978241.0
2020-09-09;20;4478193.419522341;5103766.195354239;4957460.5
2020-09-09;21;4624952.828006813;5211510.152194941;4726927.5
2020-09-09;22;4240359.077481961;4753258.457028303;4348530.5
2020-09-09;23;3770194.636196588;4223044.415173753;3902688.2
2020-09-09;24;3279324.6083187987;3658276.3743448937;3515241.2
2020-09-10;1;2850430.9008939527;3146118.7325227316;3131461.5
2020-09-10;2;2587292.744567344;2828037.7310074973;2895910.2
2020-09-10;3;2459234.139420109;2691384.524622173;2796213.0
2020-09-10;4;2402442.1327552074;2661833.909458244;2813856.2
2020-09-10;5;2390373.6417794623;2689463.039664356;2978699.2
2020-09-10;6;2459148.407987949;2775930.383166646;3252359.5
2020-09-10;7;2662172.68190171;2986403.3954914743;3576658.5
2020-09-10;8;3042993.9382879143;3326200.1390919173;3884729.5
2020-09-10;9;3641987.700986213;3874900.03800448;4084607.0
2020-09-10;10;3860228.9651478436;4071543.5584334726;4181781.8
2020-09-10;11;3892494.374153186;4134575.3465292063;4180297.8
2020-09-10;12;3920097.638239466;4234500.2258634865;4100488.0
2020-09-10;13;3767504.9017367177;4183873.051256355;4063055.2
2020-09-10;14;3627430.973366329;4148723.05012964;4043877.8
2020-09-10;15;3680492.265117986;4301282.367650935;4142951.0
2020-09-10;16;3716702.712075305;4413546.245400965;4373377.0
2020-09-10;17;3842650.136092735;4585737.958328237;4611915.0
2020-09-10;18;4011856.825049019;4766975.866315542;4831610.5
2020-09-10;19;4294398.686308157;5033325.148786468;4959379.0
2020-09-10;20;4439553.283633775;5162736.346408743;4940872.0
2020-09-10;21;4576516.49628852;5273140.634345743;4682436.0
2020-09-10;22;4184761.5305350656;4842723.046383266;4325648.5
2020-09-10;23;3710456.920417314;4353039.820359461;3896902.0
2020-09-10;24;3218732.6897808383;3825412.6645538686;3496092.0
2020-09-11;1;2792402.0771436933;3332215.5144475573;3147502.2
2020-09-11;2;2535233.8303603055;3005941.4888795093;2905836.0
2020-09-11;3;2416396.202352865;2833595.2112433137;2811878.5
2020-09-11;4;2371777.965703226;2749400.3316533067;2848633.0
2020-09-11;5;2374403.1943102987;2718518.192794257;2993833.8
2020-09-11;6;2459837.5299108457;2759914.068916444;3257359.8
2020-09-11;7;2680829.734019524;2953261.3027507714;3554114.0
2020-09-11;8;3080189.08379288;3311293.296682755;3852448.5
2020-09-11;9;3697496.7185553205;3911586.799128052;4050497.2
2020-09-11;10;3933007.253831362;4182055.243112545;4169670.0
2020-09-11;11;3980677.16940872;4323712.539896085;4151850.0
2020-09-11;12;4021032.3076069206;4487866.359979277;4082977.5
2020-09-11;13;3877812.3458873024;4471078.965929155;4039545.5
2020-09-11;14;3743093.553581662;4430616.791621086;4027461.0
2020-09-11;15;3796968.2109980793;4539178.774772543;4141873.8
2020-09-11;16;3829060.392731872;4577951.1340064565;4341408.5
2020-09-11;17;3945719.0595562123;4662300.587198989;4608880.5
2020-09-11;18;4100390.37818194;4758267.683789875;4861274.5
2020-09-11;19;4363242.363404595;4956260.733010772;4991138.5
2020-09-11;20;4483813.837388912;5042658.709633957;4933963.5
2020-09-11;21;4591723.697659755;5136439.818451037;4703070.0
2020-09-11;22;4167020.1622194382;4710116.327779735;4330830.5
2020-09-11;23;3656580.03119165;4235269.67823654;3901776.2
2020-09-11;24;3126353.2336563044;3722260.989913284;3480438.0
2020-09-12;1;2660058.552005763;3234674.476956452;3133984.2
2020-09-12;2;2362426.42428862;2900455.3995036287;2926471.2
2020-09-12;3;2203611.0274732723;2706769.7459175936;2801582.5
2020-09-12;4;2120478.4319545957;2591602.4358343785;2844868.5
2020-09-12;5;2086988.4519034;2525321.856518814;2994712.5
2020-09-12;6;2139569.1825828655;2531185.685581929;3251494.8
2020-09-12;7;2331729.049210843;2690534.6789028184;3560215.5
2020-09-12;8;2706908.2470922517;3014673.8024608223;3841859.5
2020-09-12;9;3305167.9772601044;3577557.2651075837;4098327.0
2020-09-12;10;3527076.0126801883;3803198.2862046612;4196059.5
2020-09-12;11;3566723.162624292;3890643.787455865;4210644.0
2020-09-12;12;3604586.6603482417;3992838.9344470873;4116826.5
2020-09-12;13;3464176.2552203136;3912057.5411793175;4048566.0
2020-09-12;14;3337164.75870102;3814359.124740644;4047021.5
2020-09-12;15;3403082.256945705;3882101.4527615663;4177545.8
2020-09-12;16;3450851.569237482;3904226.8750678906;4353539.0
2020-09-12;17;3586006.523717837;3999524.4407798364;4601714.5
2020-09-12;18;3761093.777477051;4131848.9584206473;4833039.5
2020-09-12;19;4045330.0475256313;4384172.211637282;4961137.5
2020-09-12;20;4187286.2144873864;4532135.750685247;4931950.5
2020-09-12;21;4315631.991421767;4683662.916479333;4719783.5
2020-09-12;22;3909521.302001725;4302994.004254965;4321345.5
2020-09-12;23;3415025.0860692193;3858447.632722236;3903114.2
2020-09-12;24;2897407.241390196;3362735.364623765;3480948.2
2020-09-13;1;2439847.799043578;2886132.4382046983;3165029.8
2020-09-13;2;2146708.230072904;2564807.408632609;2930971.8
2020-09-13;3;1987960.257942616;2392192.0617507445;2823394.5
2020-09-13;4;1900484.4204400943;2307527.645607009;2856060.2
2020-09-13;5;1858455.4794475883;2275858.774007369;2999671.2
2020-09-13;6;1898713.4888322644;2309087.097482074;3268212.0
2020-09-13;7;2075365.3385498363;2473844.15469121;3571936.5
2020-09-13;8;2432618.998433189;2767536.300770291;3876797.2
2020-09-13;9;3011449.170817425;3255537.162678018;4095362.8
2020-09-13;10;3213454.024937997;3362132.599891398;4220952.5
2020-09-13;11;3233837.72806726;3296950.818848315;4208687.5
2020-09-13;12;3254236.846356681;3232636.611363273;4128826.0
2020-09-13;13;3099326.9203237537;2996604.746947931;4068201.2
2020-09-13;14;2961912.3966568024;2780193.8327969;4102779.8
2020-09-13;15;3022580.79357147;2785584.8966865195;4209230.0
2020-09-13;16;3071199.530557444;2811647.248586079;4413313.0
2020-09-13;17;3214098.6823658408;2975066.5036510443;4668663.0
2020-09-13;18;3404441.498483988;3226278.5664573717;4835550.5
2020-09-13;19;3711855.575865097;3626871.427823145;4970279.0
2020-09-13;20;3885097.2453579567;3928222.9190070783;4945019.5
2020-09-13;21;4052783.264112908;4216602.846170473;4736767.0
2020-09-13;22;3693770.973786815;3941720.296099729;4364873.0
2020-09-13;23;3253593.286263993;3566960.4744435307;3936269.5
2020-09-13;24;2796744.7052192385;3109677.282239039;3493834.0
2020-09-14;1;2405422.0367093533;2652074.3096314296;3157734.8
2020-09-14;2;2182814.19486573;2345789.090730566;2928018.0
2020-09-14;3;2097561.759087244;2199186.321555336;2827049.8
2020-09-14;4;2085091.6275051525;2162588.07423609;2833658.0
2020-09-14;5;2118042.730620099;2206459.131035395;2976200.2
2020-09-14;6;2231680.372867229;2342373.2956641684;3254078.5
2020-09-14;7;2478542.656972881;2632189.8984050667;3587498.5
2020-09-14;8;2901319.826973408;3066080.248285897;3892964.5
2020-09-14;9;3539563.759615869;3701557.5445647123;4097121.5
2020-09-14;10;3793586.0166207887;3955478.4965535495;4218155.5
2020-09-14;11;3857477.6406156817;4030513.972573537;4232804.0
2020-09-14;12;3911967.8762746817;4092081.3231164343;4160959.0
2020-09-14;13;3781056.9004808436;3959173.7895491295;4085098.5
2020-09-14;14;3657124.9618319636;3813138.231304227;4101795.2
2020-09-14;15;3720598.303405842;3845333.098868823;4222547.5
2020-09-14;16;3761449.795940843;3844988.0947861765;4404878.5
2020-09-14;17;3886377.5531498143;3923256.502138656;4673693.5
2020-09-14;18;4049163.4936964763;4032161.8899099776;4868835.0
2020-09-14;19;4320285.122219313;4244052.807340334;5017559.5
2020-09-14;20;4449553.783592695;4330392.115715443;4983224.0
2020-09-14;21;4566814.242137536;4404605.796174001;4745987.5
2020-09-14;22;4152287.9407455176;3946128.5010205638;4384633.5
2020-09-14;23;3652967.311025961;3444741.4730425137;3941605.5
2020-09-14;24;3134858.792807836;2934938.4723838023;3529508.8
2020-09-15;1;2681679.5280490858;2502392.086394502;3159662.2
2020-09-15;2;2398103.5283441083;2286920.175687108;2943340.0
2020-09-15;3;2254179.34291767;2271607.716054861;2818117.5
2020-09-15;4;2186625.881637033;2373103.682460544;2848905.2
2020-09-15;5;2169223.5383018963;2527051.4591806973;2998861.2
2020-09-15;6;2238199.223820459;2716810.67505533;3289778.2
2020-09-15;7;2446849.6173722497;2989041.645984422;3592892.2
2020-09-15;8;2838404.124724899;3335225.2211529133;3887594.2
2020-09-15;9;3452725.1733472375;3830407.57789648;4104908.8
2020-09-15;10;3690204.4702171017;3921205.775916434;4214548.0
2020-09-15;11;3744788.268857602;3845552.29527344;4211698.0
2020-09-15;12;3796848.6047756327;3801806.076238087;4163417.2
2020-09-15;13;3669834.9869854636;3632526.38781142;4102580.2
2020-09-15;14;3555408.2155590826;3528569.826157992;4094757.2
2020-09-15;15;3633135.8055412495;3675402.130086853;4213728.0
2020-09-15;16;3692025.8319928036;3843044.757499172;4388177.5
2020-09-15;17;3837741.3246588144;4114908.583202099;4653025.0
2020-09-15;18;4022995.9226571717;4412884.079404887;4885562.0
2020-09-15;19;4317202.785903367;4782760.785681091;5010468.5
2020-09-15;20;4469148.7821235685;4977466.893076323;4962533.0
2020-09-15;21;4607727.582630706;5102048.519175659;4708252.0
2020-09-15;22;4212312.978779353;4637404.198914353;4373324.0
2020-09-15;23;3729178.7841191525;4082382.025827208;3972108.5
2020-09-15;24;3223762.2408096245;3484897.9712458975;3551249.2
2020-09-16;1;2779375.287391497;2945165.819289455;3197268.2
2020-09-16;2;2500459.107790946;2616243.9834865;2964736.0
2020-09-16;3;2357003.831003386;2491940.1442743167;2855868.8
2020-09-16;4;2285840.10513353;2497007.561064313;2882349.2
2020-09-16;5;2261019.9740968943;2573141.2337550856;3006654.2
2020-09-16;6;2319186.158920358;2708334.863884809;3289962.0
2020-09-16;7;2514174.728767374;2952674.160075215;3594660.0
2020-09-16;8;2889853.4910111194;3299436.324472948;3919246.5
2020-09-16;9;3486794.691649371;3822945.6998897945;4105811.8
2020-09-16;10;3706141.7227291283;3965674.214185645;4227787.0
2020-09-16;11;3742603.97693996;3957625.297976319;4229462.0
2020-09-16;12;3777297.9618275086;3986065.277758697;4169181.2
2020-09-16;13;3634370.244365507;3881015.845817472;4096006.8
2020-09-16;14;3506104.934807436;3821878.5416238387;4107038.2
2020-09-16;15;3572596.131912484;3986442.909294181;4194979.5
2020-09-16;16;3623262.9299584194;4142894.290338245;4393412.0
2020-09-16;17;3764049.762904835;4379365.352804238;4666953.5
2020-09-16;18;3947813.246716472;4628036.27782784;4865383.0
2020-09-16;19;4243967.770058166;4947988.091350668;5008729.0
2020-09-16;20;4401161.906644404;5104928.184711494;4958157.5
2020-09-16;21;4548019.118144982;5212672.141552197;4705688.0
2020-09-16;22;4163523.7193715936;4754420.446385556;4388555.0
2020-09-16;23;3693457.9171746965;4224206.404531005;3964594.8
2020-09-16;24;3202686.1547458493;3659438.3637021463;3548955.5
2020-09-17;1;2773890.277625408;3147280.721879984;3210620.8
2020-09-17;2;2510850.0016244464;2829199.7203647494;2986680.2
2020-09-17;3;2382889.5436229133;2692546.5139794243;2860477.2
2020-09-17;4;2326196.09974184;2662995.898815496;2890984.8
2020-09-17;5;2314226.565567194;2690625.0290216086;3027708.0
2020-09-17;6;2383100.6127826944;2777092.3725238997;3299849.8
2020-09-17;7;2586224.200665461;2987565.384848729;3640794.0
2020-09-17;8;2967145.0605730615;3327362.1284491736;3888324.0
2020-09-17;9;3566238.094901004;3876062.027361738;4095423.0
2020-09-17;10;3784579.9093086463;4072705.5477907313;4216084.0
2020-09-17;11;3816946.31572861;4135737.3358864663;4222656.0
2020-09-17;12;3844650.8248088667;4235662.215220747;4149152.0
2020-09-17;13;3692159.790439087;4185035.0406136164;4059005.8
2020-09-17;14;3552187.2085902663;4149885.0394869014;4066002.0
2020-09-17;15;3605350.071408305;4302444.357008195;4174587.2
2020-09-17;16;3641662.5159048475;4414708.234758225;4376082.0
2020-09-17;17;3767712.3312514825;4586899.947685494;4624861.0
2020-09-17;18;3937021.88440044;4768137.855672796;4876747.5
2020-09-17;19;4219666.694039332;5034487.138143723;4991409.0
2020-09-17;20;4364924.752606525;5163898.335765998;4961312.0
2020-09-17;21;4501991.094759328;5274302.623702996;4684680.0
2020-09-17;22;4110339.589022392;4843885.035740518;4340996.0
2020-09-17;23;3636138.692077864;4354201.809716711;3961126.5
2020-09-17;24;3144518.2314366773;3826574.653911118;3544772.8
2020-09-18;1;2718291.4277705103;3333377.503804808;3191417.2
2020-09-18;2;2461227.173854782;3007103.478236758;2985152.8
2020-09-18;3;2342493.7876270986;2834757.2006005635;2869783.8
2020-09-18;4;2297980.086442924;2750562.321010557;2888283.8
2020-09-18;5;2300710.138227024;2719680.182151509;3003472.5
2020-09-18;6;2386249.564392556;2761076.0582736973;3282404.5
2020-09-18;7;2607347.0401995555;2954423.292108025;3578933.0
2020-09-18;8;3006811.9196633413;3312455.2860400127;3877754.0
2020-09-18;9;3624225.1575369933;3912748.78848531;4072484.8
2020-09-18;10;3859841.8493230413;4183217.232469805;4184131.5
2020-09-18;11;3907618.227708648;4324874.529253346;4174958.2
2020-09-18;12;3948080.0760437883;4489028.3493365375;4138372.2
2020-09-18;13;3804967.13464122;4472240.955286419;4070912.0
2020-09-18;14;3670355.4312962256;4431778.780978348;4086068.5
2020-09-18;15;3724337.4195093364;4540340.7641298035;4190950.8
2020-09-18;16;3756537.2344521433;4579113.123363718;4399713.5
2020-09-18;17;3873303.82761901;4663462.576556249;4630042.0
2020-09-18;18;4028083.389715883;4759429.673147135;4851242.5
2020-09-18;19;4291043.820262562;4957422.722368029;4968626.0
2020-09-18;20;4411724.069508834;5043820.698991213;4945935.0
2020-09-18;21;4519742.783951411;5137601.807808292;4707748.0
2020-09-18;22;4095148.379224765;4711278.31713699;4359665.0
2020-09-18;23;3584817.632864871;4236431.667593793;3962871.5
2020-09-18;24;3054700.41593968;3723422.9792705374;3553273.8
2020-09-19;1;2588515.505972122;3235836.4663137044;3171785.2
2020-09-19;2;2290993.3846032782;2901617.3888608813;2980725.8
2020-09-19;3;2132288.2486017332;2707931.7352748457;2841951.2
2020-09-19;4;2049266.182134699;2592764.425191631;2894759.8
2020-09-19;5;2015886.9980339815;2526483.8458760683;3005821.0
2020-09-19;6;2068578.7859504847;2532347.674939185;3264795.8
2020-09-19;7;2260849.945858003;2691696.668260074;3605594.2
2020-09-19;8;2636140.696382377;3015835.7918180814;3882442.8
2020-09-19;9;3234512.1840370386;3578719.2544648433;4092533.8
2020-09-19;10;3456532.3251328217;3804360.2755619218;4233336.5
2020-09-19;11;3496291.855801958;3891805.776813127;4226401.0
2020-09-19;12;3534267.9921744335;3994000.923804351;4158779.5
2020-09-19;13;3393970.502763076;3913219.5305365818;4103262.0
2020-09-19;14;3267072.1275418727;3815521.114097908;4128732.0
2020-09-19;15;3333103.004661811;3883263.4421188287;4228407.5
2020-09-19;16;3380985.97186933;3905388.864425155;4408719.0
2020-09-19;17;3516254.8549692207;4000686.4301371006;4673988.0
2020-09-19;18;3691456.318621113;4133010.94777791;4885985.0
2020-09-19;19;3975807.0459361817;4385334.2009945465;4973616.0
2020-09-19;20;4117877.95609721;4533297.7400425095;4928245.0
2020-09-19;21;4246338.687842515;4684824.905836595;4712403.0
2020-09-19;22;3840343.2241085805;4304155.993612223;4383264.5
2020-09-19;23;3345962.4984304463;3859609.622079494;4008694.8
2020-09-19;24;2828460.3917185664;3363897.3539810227;3591136.0
2020-09-20;1;2371016.9340177486;2887294.427561955;3238227.5
2020-09-20;2;2077993.6097655438;2565969.3979898645;2984245.5
2020-09-20;3;1919362.148734991;2393354.0511080003;2871010.8
2020-09-20;4;1832003.093225911;2308689.634964267;2898187.8
2020-09-20;5;1790091.2051323897;2277020.763364627;3010656.5
2020-09-20;6;1830466.5370598063;2310249.086839333;3280438.0
2020-09-20;7;2007235.9718551624;2475006.14404847;3614676.2
2020-09-20;8;2364607.486701805;2768698.2901275507;3870789.8
2020-09-20;9;2943555.7681065933;3256699.152035281;4116630.8
2020-09-20;10;3145679.0283888364;3363294.5892486623;4252732.5
2020-09-20;11;3166181.4134461056;3298112.808205581;4268688.5
2020-09-20;12;3186699.484731801;3233798.6007205388;4188313.8
2020-09-20;13;3031908.788862592;2997766.7363051977;4100108.2
2020-09-20;14;2894613.751640181;2781355.822154166;4113014.8
2020-09-20;15;2955401.9071579743;2786746.886043786;4234365.5
2020-09-20;16;3004140.6807979792;2812809.237943346;4420371.5
2020-09-20;17;3147160.147009083;2976228.4930083123;4673608.5
2020-09-20;18;3337623.5579242804;3227440.5558146383;4892533.0
2020-09-20;19;3645158.5007940917;3628033.4171804106;5011204.5
2020-09-20;20;3818521.318336757;3929384.908364342;4985272.5
2020-09-20;21;3986328.7459616414;4217764.835527735;4740729.0
2020-09-20;22;3627438.143356857;3942882.28545699;4375537.0
2020-09-20;23;3187382.4209132837;3568122.46380079;3981059.2
2020-09-20;24;2730656.07767;3110839.2715962967;3585164.2
2020-09-21;1;2339455.9197571417;2653236.2989886873;3212229.8
2020-09-21;2;2116970.86567389;2346951.0800878224;2997494.2
2020-09-21;3;2031841.497075745;2200348.3109125933;2867933.2
2020-09-21;4;2019494.7138136418;2163750.0635933485;2889766.8
2020-09-21;5;2052569.4467672657;2207621.120392655;3011414.8
2020-09-21;6;2166331.000369123;2343535.285021429;3270575.0
2020-09-21;7;2413317.47560104;2633351.8877623286;3612885.2
2020-09-21;8;2836219.1190574826;3067242.23764316;3877348.5
2020-09-21;9;3474587.803141732;3702719.533921979;4092020.5
2020-09-21;10;3728735.1027689483;3956640.485910816;4240406.0
2020-09-21;11;3792752.054567678;4031675.961930805;4260943.0
2020-09-21;12;3847367.9021765017;4093243.3124737036;4209526.5
2020-09-21;13;3716582.824656565;3960335.7789063994;4128484.5
2020-09-21;14;3592777.0647468194;3814300.2206614967;4150056.0
2020-09-21;15;3656376.8706110325;3846495.088226092;4247206.0
2020-09-21;16;3697355.115098705;3846150.084143445;4439416.0
2020-09-21;17;3822409.91218776;3924418.4914959236;4712665.0
2020-09-21;18;3985323.1816828093;4033323.8792672437;4943313.0
2020-09-21;19;4256572.425685118;4245214.796697597;5046094.0
2020-09-21;20;4385968.99295286;4331554.105072704;5021764.0
2020-09-21;21;4503357.641681723;4405767.785531261;4784000.0
2020-09-21;22;4088959.820478365;3947290.490377822;4408257.0
2020-09-21;23;3589767.960851973;3445903.46239977;4003870.5
2020-09-21;24;3071788.5015940536;2936100.4617410568;3596400.5
2020-09-22;1;2618738.585025195;2503554.0757517563;3230902.8
2020-09-22;2;2335292.2243794287;2288082.1650443617;2994575.5
2020-09-22;3;2191497.9698906518;2272769.705412116;2873736.0
2020-09-22;4;2124074.7322738376;2374265.671817799;2906096.2
2020-09-22;5;2106802.9057749817;2528213.4485379546;3025450.5
2020-09-22;6;2175909.4016333497;2717972.6644125883;3283227.0
2020-09-22;7;2384690.898838966;2990203.6353416806;3636151.2
2020-09-22;8;2776376.8042493626;3336387.2105101724;3910188.5
2020-09-22;9;3390829.5443661273;3831569.567253742;4121255.0
2020-09-22;10;3628440.8304199767;3922367.7652736967;4244395.0
2020-09-22;11;3683156.9144705003;3846714.284630706;4250649.5
2020-09-22;12;3735349.832036614;3802968.065595354;4176900.0
2020-09-22;13;3608469.0930998074;3633688.377168689;4114346.8
2020-09-22;14;3494175.4963043355;3529731.8155152607;4141589.2
2020-09-22;15;3572036.5585240168;3676564.119444121;4240115.5
2020-09-22;16;3631060.3557612263;3844206.74685644;4426750.0
2020-09-22;17;3776909.918150704;4116070.5725593665;4684166.5
2020-09-22;18;3962298.885459143;4414046.0687621515;4951419.0
2020-09-22;19;4256640.417153387;4783922.775038354;5052425.0
2020-09-22;20;4408721.38242107;4978628.882433583;5011161.0
2020-09-22;21;4547435.451054406;5103210.508532916;4779365.0
2020-09-22;22;4152156.416410552;4638566.188271608;4414104.5
2020-09-22;23;3669158.0923083774;4083544.015184462;3966466.5
2020-09-22;24;3163877.7208954794;3486059.9606031505;3581084.0
2020-09-23;1;2719627.241115591;2946327.8086467083;3223785.2
2020-09-23;2;2440847.8376760217;2617405.972843752;2997359.2
2020-09-23;3;2297529.640163592;2493102.133631567;2889079.0
2020-09-23;4;2226503.297224281;2498169.5504215644;2900607.0
2020-09-23;5;2201820.8531932547;2574303.2231123373;3047756.0
2020-09-23;6;2260125.0294807456;2709496.853242062;3300394.0
2020-09-23;7;2455251.895476391;2953836.1494324687;3599013.2
2020-09-23;8;2831069.2591586583;3300598.313830203;3912260.2
2020-09-23;9;3428149.366515626;3824107.6892470517;4123697.5
2020-09-23;10;3647635.611137142;3966836.2035429063;4258246.5
2020-09-23;11;3684237.38555114;3958787.2873335807;4258553.0
2020-09-23;12;3719071.197579171;3987227.26711596;4174942.8
2020-09-23;13;3576283.6147529227;3882177.835174737;4111471.0
2020-09-23;14;3448158.74716871;3823040.530981104;4121445.5
2020-09-23;15;3514790.694396045;3987604.898651445;4218580.5
2020-09-23;16;3565598.551256672;4144056.2796955085;4435677.5
2020-09-23;17;3706526.7520876536;4380527.3421615;4682421.0
2020-09-23;18;3890431.913306175;4629198.2671850985;4897719.5
2020-09-23;19;4186728.4237006437;4949150.0807079235;5019111.5
2020-09-23;20;4344064.857675566;5106090.17406875;4954263.0
2020-09-23;21;4491064.676700609;5213834.13090945;4754611.5
2020-09-23;22;4106712.1964344;4755582.4357428085;4366172.0
2020-09-23;23;3636789.6240557185;4225368.3938882565;3946712.5
2020-09-23;24;3146161.402998698;3660600.353059397;3558630.2
2020-09-24;1;2717509.37916754;3148442.711237235;3200412.8
2020-09-24;2;2454613.2688474776;2830361.7097220006;2972236.0
2020-09-24;3;2326797.2893340047;2693708.503336676;2878083.2
2020-09-24;4;2270248.6371462992;2664157.888172749;2872402.0
2020-09-24;5;2258424.2082302384;2691787.018378863;3034344.8
2020-09-24;6;2327443.6746162223;2778254.361881155;3294777.5
2020-09-24;7;2530712.9958790285;2988727.3742059837;3585652.2
2020-09-24;8;2911779.9037844213;3328524.1178064314;3837803.8
2020-09-24;9;3511019.3009507405;3877224.0167189967;4072844.0
2020-09-24;10;3729507.793720143;4073867.5371479914;4218881.5
2020-09-24;11;3762021.194198283;4136899.3252437264;4221193.0
2020-09-24;12;3789873.0133339777;4236824.204578007;4141669.8
2020-09-24;13;3637529.605399544;4186197.0299708783;4066273.2
2020-09-24;14;3497704.966533192;4151047.028844162;4069377.0
2020-09-24;15;3551016.0893340143;4303606.346365454;4199073.0
2020-09-24;16;3587477.1111849523;4415870.2241154825;4376782.5
2020-09-24;17;3713675.8215770624;4588061.937042751;4621014.5
2020-09-24;18;3883134.58780198;4769299.845030052;4874811.0
2020-09-24;19;4165928.928786439;5035649.127500978;5008724.5
2020-09-24;20;4311336.837374159;5165060.32512325;4964982.0
2020-09-24;21;4448553.348360491;5275464.613060248;4728303.0
2020-09-24;22;4057052.330717322;4845047.02509777;4358975.0
2020-09-24;23;3583002.241417328;4355363.7990739625;3952184.0
2020-09-24;24;3091532.908233944;3827736.6432683687;3537070.0
2020-09-25;1;2665457.5521351867;3334539.4931620574;3242832.8
2020-09-25;2;2408545.066223038;3008265.467594008;3027172.0
2020-09-25;3;2289963.7687419117;2835919.189957813;2894600.8
2020-09-25;4;2245602.477346426;2751724.3103678087;2886198.0
2020-09-25;5;2248485.260246622;2720842.1715087616;3045876.0
2020-09-25;6;2334177.739134606;2762238.047630951;3282331.0
2020-09-25;7;2555428.5895321923;2955585.2814652813;3579531.2
2020-09-25;8;2955047.1657469617;3313617.2753972686;3846387.2
2020-09-25;9;3572614.4227667484;3913910.777842569;4087720.8
2020-09-25;10;3808385.456462997;4184379.2218270656;4241567.0
2020-09-25;11;3856316.49973774;4326036.518610608;4236748.0
2020-09-25;12;3896933.336191285;4490190.338693799;4179681.8
2020-09-25;13;3753975.706408559;4473402.944643681;4115289.0
2020-09-25;14;3619519.6383904517;4432940.770335611;4120712.5
2020-09-25;15;3673657.58592558;4541502.753487066;4220415.0
2020-09-25;16;3706013.6844467917;4580275.11272098;4422820.5
2020-09-25;17;3822936.885691722;4664624.565913509;4672143.0
2020-09-25;18;3977873.38061288;4760591.662504395;4893511.0
2020-09-25;19;4240991.068944562;4958584.711725287;5020886.5
2020-09-25;20;4361828.901197463;5044982.68834847;4973811.5
2020-09-25;21;4470005.524047464;5138763.797165548;4719631.0
2020-09-25;22;4045569.353397508;4712440.306494245;4368959.0
2020-09-25;23;3535397.167002853;4237593.656951047;3942014.5
2020-09-25;24;3005438.8361398233;3724584.9686277914;3548199.8
2020-09-26;1;2539413.138547006;3236998.455670957;3231378.5
2020-09-26;2;2242050.556087836;2902779.378218133;2996497.0
2020-09-26;3;2083505.285744673;2709093.7246320983;2887989.0
2020-09-26;4;2000643.4118934025;2593926.414548884;2912012.8
2020-09-26;5;1967424.7475679743;2527645.8352333233;3028745.5
2020-09-26;6;2020277.3826167984;2533509.664296441;3292579.2
2020-09-26;7;2212709.7172036017;2692858.657617332;3589464.8
2020-09-26;8;2588161.9701504763;3016997.7811753387;3876836.2
2020-09-26;9;3186695.2881472083;3579881.243822103;4123698.5
2020-09-26;10;3408877.5877184807;3805522.2649191823;4249101.0
2020-09-26;11;3448799.605161716;3892967.766170388;4225676.0
2020-09-26;12;3486938.5567801357;3995162.9131616117;4188598.8
2020-09-26;13;3346804.211263408;3914381.519893845;4134937.0
2020-09-26;14;3220069.308740101;3816683.1034551687;4127471.0
2020-09-26;15;3286263.9875374036;3884425.431476091;4257675.0
2020-09-26;16;3334311.085567532;3906550.853782417;4441072.0
2020-09-26;17;3469744.4287928445;4001848.4194943625;4700204.5
2020-09-26;18;3645110.6820288883;4134172.937135172;4903810.5
2020-09-26;19;3929626.528530321;4386496.190351808;5049923.0
2020-09-26;20;4071862.8876347374;4534459.729399771;4972745.0
2020-09-26;21;4200489.398208081;4685986.895193856;4756933.5
2020-09-26;22;3794660.0433383132;4305317.982969485;4411701.0
2020-09-26;23;3300445.7566947313;3860771.6114367535;3980746.2
2020-09-26;24;2783110.419315814;3365059.343338282;3562116.0
2020-09-27;1;2325834.061374016;2888456.4169192133;3214148.0
2020-09-27;2;2032978.1674335813;2567131.3873471227;2993391.8
2020-09-27;3;1874514.4673892288;2394516.0404652576;2859305.8
2020-09-27;4;1787323.5036578404;2309851.624321525;2878968.8
2020-09-27;5;1745580.038245986;2278182.752721886;3032459.2
2020-09-27;6;1786124.1238675048;2311411.0761965923;3275863.0
2020-09-27;7;1963062.6434725304;2476168.13340573;3573825.2
2020-09-27;8;2320603.574346905;2769860.2794848117;3868210.5
2020-09-27;9;2899721.6030911533;3257861.141392544;4094034.8
2020-09-27;10;3102014.9421265516;3364456.578605924;4261349.5
2020-09-27;11;3122687.73743565;3299274.7975628427;4285064.5
2020-09-27;12;3143376.550555845;3234960.590077802;4189701.0
2020-09-27;13;2988756.928186641;2998928.7256624615;4134681.8
2020-09-27;14;2851633.2962027425;2782517.81151143;4123499.8
2020-09-27;15;2912593.1887743594;2787908.8754010512;4248782.0
2020-09-27;16;2961504.0313542867;2813971.227300612;4443596.0
2020-09-27;17;3104695.898456973;2977390.482365577;4717394.0
2020-09-27;18;3295332.0422776383;3228602.545171902;4950254.0
2020-09-27;19;3603040.0501223058;3629195.406537674;5077192.0
2020-09-27;20;3776576.264765546;3930546.8977216063;5050614.5
2020-09-27;21;3944557.421661881;4218926.824884998;4806410.0
2020-09-27;22;3585840.880549004;3944044.274814252;4426247.5
2020-09-27;23;3145959.551858871;3569284.4531580512;3968909.0
2020-09-27;24;2689407.9346676017;3112001.2609535567;3588149.2
2020-09-28;1;2298382.8351390557;2654398.288345947;3241121.2
2020-09-28;2;2076073.1718029324;2348113.0694450825;2993726.8
2020-09-28;3;1991119.5263409026;2201510.3002698533;2866117.2
2020-09-28;4;1978948.7986257754;2164912.0529506085;2879446.0
2020-09-28;5;2012199.91955504;2208783.109749917;3022540.0
2020-09-28;6;2126138.1935747224;2344697.274378691;3299619.0
2020-09-28;7;2373301.7216754304;2634513.8771195915;3609232.8
2020-09-28;8;2796380.750457934;3068404.2270004232;3865986.5
2020-09-28;9;3434927.1523258057;3703881.5232792418;4112165.5
2020-09-28;10;3689252.5021942663;3957802.47526808;4264439.0
2020-09-28;11;3753447.836683557;4032837.9512880687;4265512.5
2020-09-28;12;3808242.3994213063;4094405.3018309684;4203343.5
2020-09-28;13;3677636.369454005;3961497.7682636655;4141937.5
2020-09-28;14;3554009.989500229;3815462.210018762;4171839.5
2020-09-28;15;3617789.507701575;3847657.0775833568;4256191.0
2020-09-28;16;3658947.796880507;3847312.07350071;4467518.0
2020-09-28;17;3784182.970983623;3925580.4808531883;4737376.5
2020-09-28;18;3947276.9497799277;4034485.868624507;4935053.0
2020-09-28;19;4218707.235330574;4246376.786054861;5096284.5
2020-09-28;20;4348285.1763504585;4332716.094429966;5059237.0
2020-09-28;21;4465855.5309859365;4406929.774888521;4812370.5
2020-09-28;22;4051639.747792605;3948452.4797350806;4477093.0
2020-09-28;23;3552630.258223131;3447065.451757029;4024895.0
2020-09-28;24;3034833.501008248;2937262.4510983163;3601793.2
2020-09-29;1;2581966.618403825;2504716.0651090154;3253257.0
2020-09-29;2;2298703.6235752245;2289244.154401621;2978215.5
2020-09-29;3;2155093.066683473;2273931.6947693755;2884952.0
2020-09-29;4;2087853.858366244;2375427.661175059;2910973.5
2020-09-29;5;2070766.3927881056;2529375.4378952147;3050597.0
2020-09-29;6;2140057.581102575;2719134.653769848;3310576.5
2020-09-29;7;2349024.1022096453;2991365.6246989407;3608638.0
2020-09-29;8;2740895.3628728054;3337549.199867433;3913894.5
2020-09-29;9;3355533.789494982;3832731.5566110034;4117528.8
2020-09-29;10;3593331.0932052024;3923529.754630958;4269744.0
2020-09-29;11;3648233.5259555737;3847876.273987969;4302143.5
2020-09-29;12;3700613.1231540437;3804130.054952617;4233715.0
2020-09-29;13;3573919.394666784;3634850.366525953;4190765.5
2020-09-29;14;3459813.1390181337;3530893.8048725245;4168624.0
2020-09-29;15;3537861.872958103;3677726.108801386;4254492.5
2020-09-29;16;3597073.6723612794;3845368.736213703;4440923.5
2020-09-29;17;3743111.5672298237;4117232.561916629;4721140.5
2020-09-29;18;3928689.1971938745;4415208.058119413;4927749.0
2020-09-29;19;4223219.72157905;4785084.764395616;5062064.0
2020-09-29;20;4375490.009427946;4979790.871790845;5028297.0
2020-09-29;21;4514393.730382803;5104372.497890175;4806256.0
2020-09-29;22;4119304.677647271;4639728.177628868;4436162.0
2020-09-29;23;3636496.66488196;4084706.0045417207;4008752.2
2020-09-29;24;3131406.934071914;3487221.9499604087;3609009.0
2020-09-30;1;2687347.42399406;2947489.7980039665;3242728.8
2020-09-30;2;2408759.3191846395;2618567.96220101;2986138.8
2020-09-30;3;2265632.749055069;2494264.1229888257;2876009.2
2020-09-30;4;2194798.362071672;2499331.539778821;2911132.0
2020-09-30;5;2170308.2023853217;2575465.212469595;3048797.8
2020-09-30;6;2228804.991217939;2710658.8425993193;3289485.0
2020-09-30;7;2424124.797766373;2954998.138789725;3590060.5
2020-09-30;8;2800135.429811797;3301760.30318746;3915477.5
2020-09-30;9;3397409.1331408788;3825269.678604309;4125405.2
2020-09-30;10;3617089.301137722;3967998.1929001617;4251027.0
2020-09-30;11;3653885.3261200604;3959949.276690838;4265879.5
2020-09-30;12;3688913.715694733;3988389.256473218;4201583.0
2020-09-30;13;3546321.037174546;3883339.824531995;4131543.8
2020-09-30;14;3418391.4004323827;3824202.52033836;4153415.8
2020-09-30;15;3485218.904810136;3988766.888008702;4235095.0
2020-09-30;16;3536222.644897511;4145218.269052765;4440118.0
2020-09-30;17;3677347.0547950906;4381689.331518757;4697329.0
2020-09-30;18;3861448.7506792364;4630360.256542355;4937477.5
2020-09-30;19;4157942.1210929817;4950312.070065182;5052651.0
2020-09-30;20;4315475.740191269;5107252.163426005;5007824.5
2020-09-30;21;4462673.069189708;5214996.120266707;4799037.0
2020-09-30;22;4078518.4234884167;4756744.425100065;4423912.0
2020-09-30;23;3608794.010003362;4226530.383245514;4005103.8
2020-09-30;24;3118364.2719014073;3661762.3424166543;3598097.2
2020-10-01;1;2689911.0548150376;3149604.700594493;3249775.8
2020-10-01;2;2427214.074753455;2831523.6990792593;3018017.2
2020-10-01;3;2299597.5487315147;2694870.492693935;2891787.5
2020-10-01;4;2243248.6729835286;2665319.8775300067;2923900.8
2020-10-01;5;2231624.343165982;2692949.007736121;3063470.5
2020-10-01;6;2300844.231015446;2779416.3512384123;3316190.8
2020-10-01;7;2504314.2958084764;2989889.3635632424;3585047.2
2020-10-01;8;2885582.2690081163;3329686.1071636886;3880040.8
2020-10-01;9;3485023.052925621;3878386.006076254;4102993.0
2020-10-01;10;3703713.253591575;4075029.526505248;4266844.5
2020-10-01;11;3736428.6827956373;4138061.314600983;4283307.0
2020-10-01;12;3764482.851166137;4237986.193935264;4221656.0
2020-10-01;13;3612342.112650488;4187359.0193281337;4132270.5
2020-10-01;14;3472720.46305746;4152209.0182014164;4155042.0
2020-10-01;15;3526234.894652464;4304768.335722708;4238144.0
2020-10-01;16;3562899.5444800695;4417032.213472737;4450484.0
2020-10-01;17;3689302.201688617;4589223.926400006;4701206.0
2020-10-01;18;3858965.233222533;4770461.834387305;4940531.0
2020-10-01;19;4141964.157656881;5036811.116858232;5077956.5
2020-10-01;20;4287576.967479268;5166222.314480504;5016607.5
2020-10-01;21;4424998.697124347;5276626.6024175035;4799253.5
2020-10-01;22;4033703.215199002;4846209.014455024;4431559.0
2020-10-01;23;3559858.978306346;4356525.788431217;4021607.0
2020-10-01;24;3068595.813845728;3828898.632625625;3608150.8
2020-10-02;1;2642726.9424067307;3335701.4825193123;3271696.5
2020-10-02;2;2386021.25670832;3009427.456951264;3019505.8
2020-10-02;3;2267647.0746073527;2837081.1793150688;2908328.5
2020-10-02;4;2223493.213366601;2752886.2997250645;2923717.8
2020-10-02;5;2226583.7407996287;2722004.160866017;3075646.5
2020-10-02;6;2312484.27819762;2763400.0369882067;3332559.5
2020-10-02;7;2533943.500676913;2956747.270822538;3623125.0
2020-10-02;8;2933770.7621353213;3314779.2647545277;3903830.0
2020-10-02;9;3551547.017146125;3915072.7671998274;4091630.2
2020-10-02;10;3787527.361161996;4185541.2111843233;4241593.0
2020-10-02;11;3835668.0266614873;4327198.507967866;4264698.0
2020-10-02;12;3876494.796817102;4491352.328051059;4214939.0
2020-10-02;13;3733747.411781372;4474564.934000939;4153097.0
2020-10-02;14;3599501.899118254;4434102.759692868;4164315.2
2020-10-02;15;3653850.7121750894;4542664.742844324;4256507.0
2020-10-02;16;3686417.9859387963;4581437.102078237;4405231.0
2020-10-02;17;3803552.6716966517;4665786.555270765;4677823.5
2020-10-02;18;3958700.95994634;4761753.65186165;4934204.0
2020-10-02;19;4222030.7499626735;4959746.7010825435;5043960.0
2020-10-02;20;4343080.991792611;5046144.677705728;4965492.0
2020-10-02;21;4451470.331643528;5139925.786522807;4762324.5
2020-10-02;22;4027247.1849454725;4713602.2958515035;4403778.5
2020-10-02;23;3517288.3289764524;4238755.646308307;3993994.5
2020-10-02;24;2987543.634530886;3725746.957985048;3574329.0
2020-10-03;1;2521731.8788607875;3238160.4450282142;3268961.0
2020-10-03;2;2224583.543338871;2903941.3675753907;2996152.8
2020-10-03;3;2066252.824452034;2710255.713989355;2895274.5
2020-10-03;4;1983605.8060762458;2595088.403906142;2918731.2
2020-10-03;5;1950602.3007409915;2528807.82459058;3051431.8
2020-10-03;6;2003670.39778591;2534671.6536536985;3296118.0
2020-10-03;7;2196318.4968611454;2694020.6469745897;3612747.5
2020-10-03;8;2571986.81627089;3018159.7705325983;3901585.0
2020-10-03;9;3170736.502182505;3581043.233179362;4130571.2
2020-10-03;10;3393135.470593742;3806684.25427644;4239504.5
2020-10-03;11;3433274.457270535;3894129.7555276463;4277625.5
2020-10-03;12;3471630.6779802344;3996324.902518869;4218273.5
2020-10-03;13;3331713.9008718873;3915543.5092511005;4178207.5
2020-10-03;14;3205196.86552931;3817845.0928124255;4166147.2
2020-10-03;15;3271609.7097300543;3885587.4208333488;4237637.5
2020-10-03;16;3319875.2708324213;3907712.8431396764;4437867.0
2020-10-03;17;3455527.374240286;4003010.408851623;4718754.0
2020-10-03;18;3631112.6842061915;4135334.9264924326;4925055.0
2020-10-03;19;3915847.883417429;4387658.1797090685;5061183.5
2020-10-03;20;4058303.8906395542;4535621.718757033;5006878.0
2020-10-03;21;4187150.34416204;4687148.88455112;4763922.5
2020-10-03;22;3781541.2264918787;4306479.972326748;4410027.5
2020-10-03;23;3287547.470712939;3861933.6007940164;3981492.5
2020-10-03;24;2770432.9572736192;3366221.3326955438;3594535.8
2020-10-04;1;2313377.715751984;2889618.406276475;3259760.0
2020-10-04;2;2020743.230113449;2568293.376704384;3003542.8
2020-10-04;3;1862501.2296491088;2395678.029822518;2937150.8
2020-10-04;4;1775532.2561679771;2311013.613678786;2917528.2
2020-10-04;5;1734011.071064251;2279344.742079148;3063363.5
2020-10-04;6;1774777.7264346697;2312573.0655538533;3315377.8
2020-10-04;7;1951939.1046083572;2477330.122762991;3586806.0
2020-10-04;8;2309703.1822449225;2771022.2688420736;3901241.2
2020-10-04;9;2889044.6453146413;3259023.1307498044;4103489.5
2020-10-04;10;3091561.705603905;3365618.5679631843;4278813.5
2020-10-04;11;3112458.5084560723;3300436.7869201023;4272477.5
2020-10-04;12;3133371.6147645623;3236122.579435061;4222998.0
2020-10-04;13;2978976.5705807204;3000090.715019721;4137556.0
2020-10-04;14;2842077.801126512;2783679.80086869;4130751.5
2020-10-04;15;2903262.8399148905;2789070.864758312;4249400.5
2020-10-04;16;2952399.111736964;2815133.2166578723;4448042.0
2020-10-04;17;3095816.6904410045;2978552.4717228394;4734365.0
2020-10-04;18;3286678.827551648;3229764.534529165;4965434.5
2020-10-04;19;3594613.1096998095;3630357.3958949377;5087603.0
2020-10-04;20;3768375.8789805314;3931708.8870788687;5015878.5
2020-10-04;21;3936583.8701644386;4220088.8142422605;4786762.0
2020-10-04;22;3578094.4423004533;3945206.264171514;4440401.0
2020-10-04;23;3138440.5051279543;3570446.4425153136;4003155.5
2020-10-04;24;2682116.5570255723;3113163.2503108187;3634018.2
2020-10-05;1;2291319.4034554064;2655560.277703209;3266074.8
2020-10-05;2;2069237.962241014;2349275.0588023453;2994684.5
2020-10-05;3;1984512.8143529329;2202672.2896271157;2895157.2
2020-10-05;4;1972570.8589493774;2166074.0423078714;2922169.2
2020-10-05;5;2006051.026207981;2209945.09910718;3043321.0
2020-10-05;6;2120218.619850908;2345859.263735954;3289442.5
2020-10-05;7;2367611.740140284;2635675.8664768543;3596051.2
2020-10-05;8;2790920.6329440363;3069566.216357686;3891541.2
2020-10-05;9;3429697.1699285624;3705043.512636505;4100588.0
2020-10-05;10;3684252.925267107;3958964.4646253404;4273338.0
2020-10-05;11;3748678.934834095;4033999.9406453306;4290139.0
2020-10-05;12;3803704.44150654;4095567.2911882307;4229344.0
2020-10-05;13;3673329.6235760073;3962659.7576209283;4142474.5
2020-10-05;14;3549934.723001766;3816624.199376025;4155970.2
2020-10-05;15;3613945.98716159;3848819.0669406205;4255433.5
2020-10-05;16;3655336.2881099405;3848474.0628579725;4464614.0
2020-10-05;17;3780803.739020715;3926742.470210451;4712762.5
2020-10-05;18;3944130.258886229;4035647.85798177;4953094.0
2020-10-05;19;4215793.348986144;4247538.775412123;5084091.0
2020-10-05;20;4345604.357249728;4333878.083787228;5025914.0
2020-10-05;21;4463408.041033208;4408091.764245783;4833495.0
2020-10-05;22;4049425.84809788;3949614.469092342;4458002.5
2020-10-05;23;3550650.209097577;3448227.441114289;4026486.2
2020-10-05;24;3033087.561959758;2938424.440455577;3625030.2
2020-10-06;1;2580455.048132798;2505878.0544662764;3270470.0
2020-10-06;2;2297426.679970153;2290406.1437588823;3018456.2
2020-10-06;3;2154051.0068166247;2275093.684126637;2911915.2
2020-10-06;4;2087046.9384892788;2376589.650532321;2921811.5
2020-10-06;5;2070194.8683277;2530537.427252477;3067706.8
2020-10-06;6;2139721.706656195;2720296.643127109;3318949.8
2020-10-06;7;2348924.1315411;2992527.6140562017;3621187.5
2020-10-06;8;2741031.548908027;3338711.1892246944;3903158.8
2020-10-06;9;3355906.384317438;3833893.545968264;4139294.8
2020-10-06;10;3593940.348052022;3924691.74398822;4265553.0
2020-10-06;11;3649079.691212783;3849038.26334523;4277372.0
2020-10-06;12;3701696.448352509;3805292.04430988;4205706.0
2020-10-06;13;3575240.1284778807;3636012.355883216;4149498.5
2020-10-06;14;3461371.529249272;3532055.7942297882;4126264.5
2020-10-06;15;3539658.1665487895;3678888.0981586487;4202780.0
2020-10-06;16;3599108.1153784287;3846530.725570967;4397776.0
2020-10-06;17;3745384.4048638064;4118394.5512738912;4664886.5
2020-10-06;18;3931200.673753895;4416370.047476675;4919837.5
2020-10-06;19;4225970.080489216;4786246.753752876;5043827.0
2020-10-06;20;4378479.493222794;4980952.861148105;5003293.5
2020-10-06;21;4517622.580703056;5105534.487247436;4770327.5
2020-10-06;22;4122773.135235655;4640890.166986126;4427857.0
2020-10-06;23;3640204.969578892;4085867.9938989794;3985030.5
2020-10-06;24;3135355.3248112695;3488383.9393176683;3585180.2
2020-10-07;1;2691536.1387989325;2948651.787361225;3232756.0
2020-10-07;2;2413188.5951631363;2619729.951558268;2989485.0
2020-10-07;3;2270302.8223960577;2495426.112346084;2914181.0
2020-10-07;4;2199709.46804044;2500493.529136079;2908829.8
2020-10-07;5;2175460.575319665;2576627.2018268523;3078768.5
2020-10-07;6;2234198.8645235253;2711820.831956575;3302289.0
2020-10-07;7;2429760.4039130453;2956160.1281469823;3584748.0
2020-10-07;8;2806013.000328828;3302922.292544716;3889444.8
2020-10-07;9;3403528.898613244;3826431.667961565;4101317.8
2020-10-07;10;3623451.49120169;3969160.1822574185;4249403.0
2020-10-07;11;3660490.169459017;3961111.266048096;4243681.5
2020-10-07;12;3695761.440035045;3989551.2458304763;4178188.2
2020-10-07;13;3553411.8692813986;3884501.813889254;4116874.0
2020-10-07;14;3425725.566105593;3825364.509695619;4129040.8
2020-10-07;15;3492796.628880038;3989928.87736596;4219343.0
2020-10-07;16;3544044.1512207687;4146380.258410023;4427255.0
2020-10-07;17;3685412.566250595;4382851.3208760135;4668662.5
2020-10-07;18;3869758.489163952;4631522.24589961;4887253.0
2020-10-07;19;4166496.307517866;4951474.059422437;5011847.0
2020-10-07;20;4324274.594477008;5108414.1527832635;4990101.0
2020-10-07;21;4471716.810262884;5216158.109623961;4773701.0
2020-10-07;22;4087807.269277034;4757906.414457321;4428329.5
2020-10-07;23;3618328.1774330605;4227692.372602771;4017791.5
2020-10-07;24;3128143.97689124;3662924.331773912;3590834.0
2020-10-08;1;2699936.5122734155;3150766.6899517514;3256271.0
2020-10-08;2;2437485.498573975;2832685.6884365175;3010180.8
2020-10-08;3;2310115.151789112;2696032.4820511932;2922482.8
2020-10-08;4;2254012.6671302193;2666481.866887265;2906662.2
2020-10-08;5;2242634.939226868;2694110.997093378;3073922.2
2020-10-08;6;2312101.6387847103;2780578.3405956705;3313845.2
2020-10-08;7;2515818.724045239;2991051.3529205;3599663.2
2020-10-08;8;2897333.925432535;3330848.0965209464;3882758.0
2020-10-08;9;3497022.1442147526;3879547.995433511;4096594.8
2020-10-08;10;3715959.9853754994;4076191.515862505;4220364.5
2020-10-08;11;3748923.259653293;4139223.30395824;4272163.0
2020-10-08;12;3777225.476621421;4239148.18329252;4174458.0
2020-10-08;13;3625332.989168241;4188521.0086853886;4124515.2
2020-10-08;14;3485959.7920394973;4153371.0075586713;4119610.2
2020-10-08;15;3539722.8764335583;4305930.325079964;4168624.5
2020-10-08;16;3576636.3783240207;4418194.2028299915;4349423.5
2020-10-08;17;3703288.0857842606;4590385.915757258;4635027.5
2020-10-08;18;3873200.3646799023;4771623.823744559;4865035.5
2020-10-08;19;4156448.732503088;5037973.106215485;5003566.0
2020-10-08;20;4302311.180654701;5167384.3038377585;4965311.0
2020-10-08;21;4439982.742478704;5277788.591774756;4731261.0
2020-10-08;22;4048937.285487349;4847371.003812279;4414171.5
2020-10-08;23;3575343.265185252;4357687.777788471;3987832.8
2020-10-08;24;3084330.507869384;3830060.6219828785;3575537.0
2020-10-09;1;2658712.233022984;3336863.471876568;3244297.8
2020-10-09;2;2402257.3322548047;3010589.4463085188;3003445.8
2020-10-09;3;2284134.1223077187;2838243.1686723237;2892002.8
2020-10-09;4;2240231.419326546;2754048.2890823195;2915039.5
2020-10-09;5;2243573.290003119;2723166.1502232724;3051416.0
2020-10-09;6;2329725.354502907;2764562.026345463;3300361.2
2020-10-09;7;2551436.2868128205;2957909.260179794;3579228.5
2020-10-09;8;2951515.4396974617;3315941.2541117836;3876274.8
2020-10-09;9;3569543.766592928;3916234.7565570837;4058417.0
2020-10-09;10;3805776.3618109883;4186703.2005415806;4193886.0
2020-10-09;11;3854169.4566855226;4328360.497325123;4214756.0
2020-10-09;12;3895248.8332404937;4492514.317408316;4167830.5
2020-10-09;13;3752754.230476146;4475726.923358195;4078808.0
2020-10-09;14;3618761.674800434;4435264.749050124;4096377.5
2020-10-09;15;3673363.618400818;4543826.732201579;4177794.8
2020-10-09;16;3706184.195100665;4582599.091435492;4351256.5
2020-10-09;17;3823572.355019849;4666948.544628021;4603159.5
2020-10-09;18;3978974.287485273;4762915.641218907;4847553.0
2020-10-09;19;4242557.8905966515;4960908.690439802;4971940.0
2020-10-09;20;4363862.1132226605;5047306.667062985;4966974.5
2020-10-09;21;4472505.600388366;5141087.775880063;4737317.0
2020-10-09;22;4048536.7663381337;4714764.285208762;4425174.5
2020-10-09;23;3538832.3871602667;4239917.635665562;3987881.5
2020-10-09;24;3009342.3324558167;3726908.947342305;3564349.8
2020-10-10;1;2543785.3782800757;3239322.434385472;3226949.8
2020-10-10;2;2246892.004805219;2905103.356932647;3003927.0
2020-10-10;3;2088816.407313796;2711417.703346612;2891086.5
2020-10-10;4;2006424.6684740128;2596250.3932633987;2877362.5
2020-10-10;5;1973676.5996038946;2529969.813947837;3022984.0
2020-10-10;6;2027000.288827995;2535833.643010956;3248128.8
2020-10-10;7;2219904.1345778233;2695182.6363318474;3561806.8
2020-10-10;8;2595828.353935283;3019321.7598898564;3848293.0
2020-10-10;9;3194834.0918418625;3582205.22253662;4058012.5
2020-10-10;10;3417489.263065942;3807846.2436336973;4199473.5
2020-10-10;11;3457884.602140496;3895291.7448849035;4242079.5
2020-10-10;12;3496497.323596229;3997486.891876127;4161768.5
2020-10-10;13;3356837.1943423008;3916705.4986083573;4135717.8
2020-10-10;14;3230576.9527187436;3819007.082169683;4149015.2
2020-10-10;15;3297246.735256146;3886749.4101906074;4235913.0
2020-10-10;16;3345769.378062152;3908874.832496935;4418745.0
2020-10-10;17;3481678.7052865783;4004172.3982088813;4659810.0
2020-10-10;18;3657521.379924269;4136496.9158496917;4871516.0
2020-10-10;19;3942514.0834014877;4388820.169066329;4991518.5
2020-10-10;20;4085227.7332192673;4536783.708114295;4935512.5
2020-10-10;21;4214331.966399068;4688310.873908381;4742989.0
2020-10-10;22;3808980.7641765787;4307641.96168401;4447563.5
2020-10-10;23;3315245.0583606637;3863095.590151277;4025310.0
2020-10-10;24;2798388.7281216225;3367383.322052805;3585870.0
2020-10-11;1;2341591.801755708;2890780.395633736;3253636.0
2020-10-11;2;2049215.7619433652;2569455.3660616456;3009873.0
2020-10-11;3;1891232.336687213;2396840.01917978;2883528.2
2020-10-11;4;1804522.066504444;2312175.603036047;2886133.8
2020-10-11;5;1763259.7114940071;2280506.7314364086;3035127.8
2020-10-11;6;1804285.32245437;2313735.0549111147;3271035.2
2020-10-11;7;1981705.7804125524;2478492.112120252;3567478.0
2020-10-11;8;2339729.0607230617;2772184.258199334;3850481.8
2020-10-11;9;2919329.8480476136;3260185.120107065;4080914.0
2020-10-11;10;3122106.352861059;3366780.557320445;4179809.2
2020-10-11;11;3143262.7191913314;3301598.7762773624;4209908.5
2020-10-11;12;3164435.506613743;3237284.5687923213;4173088.8
2020-10-11;13;3010300.2598578767;3001252.7043769807;4140981.8
2020-10-11;14;2873661.402820871;2784841.790225951;4132451.0
2020-10-11;15;2935106.4676875323;2790232.8541155737;4234908.0
2020-10-11;16;2984502.8779177275;2816295.206015136;4395751.0
2020-10-11;17;3128180.7060250896;2979714.461080102;4663292.5
2020-10-11;18;3319303.2021964444;3230926.5238864287;4878979.0
2020-10-11;19;3627497.9517218564;3631519.385252202;4996804.5
2020-10-11;20;3801521.295352197;3932870.876436133;4942621.0
2020-10-11;21;3969989.9665107904;4221250.803599523;4768505.5
2020-10-11;22;3611761.322896106;3946368.2535287775;4452844.5
2020-10-11;23;3172368.272893924;3571608.431872577;4014553.5
2020-10-11;24;2716305.3135263138;3114325.2396680824;3602775.5
2020-10-12;1;2325769.2488952246;2656722.2670604717;3258814.5
2020-10-12;2;2103948.995461316;2350437.048159608;3021351.2
2020-10-12;3;2019485.132829317;2203834.278984379;2881084.2
2020-10-12;4;2007804.5587882563;2167236.0316651347;2886943.2
2020-10-12;5;2041546.2021436773;2211107.088464443;3022566.0
2020-10-12;6;2155975.3652421287;2347021.253093218;3253117.8
2020-10-12;7;2403630.146967873;2636837.855834118;3540495.2
2020-10-12;8;2827200.7918074164;3070728.2057149494;3831306.0
2020-10-12;9;3466239.1700428408;3706205.501993769;4056545.5
2020-10-12;10;3721056.854460103;3960126.453982605;4213003.0
2020-10-12;11;3785744.879543316;4035161.930002594;4239937.0
2020-10-12;12;3841032.4867762295;4096729.2805454936;4198269.0
2020-10-12;13;3710919.8530541854;3963821.7469781907;4142748.8
2020-10-12;14;3587787.2189372675;3817786.1887332886;4140361.2
2020-10-12;15;3652060.830401118;3849981.056297884;4233136.0
2020-10-12;16;3693713.55809526;3849636.0522152367;4409248.0
2020-10-12;17;3819443.513785526;3927904.4595677145;4675917.0
2020-10-12;18;3983032.6150534963;4036809.847339033;4905384.0
2020-10-12;19;4254958.3617650885;4248700.7647693865;4997654.5
2020-10-12;20;4385032.100432948;4335040.07314449;4940095.5
2020-10-12;21;4503098.58699402;4409253.753603044;4709303.0
2020-10-12;22;4089379.267787152;3950776.458449603;4400781.5
2020-10-12;23;3590866.572041151;3449389.4304715507;4006792.0
2020-10-12;24;3073566.9362555617;2939586.4298128374;3587537.8
2020-10-13;1;2621197.5004480057;2507040.0438235383;3258558.2
2020-10-13;2;2338432.275538607;2291568.133116144;2994250.8
2020-10-13;3;2195319.8094357015;2276255.6734838984;2873784.8
2020-10-13;4;2128579.01051748;2377751.6398895816;2899633.8
2020-10-13;5;2111990.2706816746;2531699.416609737;3032034.8
2020-10-13;6;2181780.498808131;2721458.6324843704;3263798.2
2020-10-13;7;2391246.3715159763;2993689.6034134626;3586348.8
2020-10-13;8;2783617.29328085;3339873.178581956;3848756.8
2020-10-13;9;3398755.6882108217;3835055.535325525;4060649.8
2020-10-13;10;3637053.2651330205;3925853.733345481;4216745.5
2020-10-13;11;3692456.27369076;3850200.252702492;4233201.5
2020-10-13;12;3745336.7469761763;3806454.033667142;4183978.0
2020-10-13;13;3619144.1925328113;3637174.345240478;4155281.2
2020-10-13;14;3505539.4065550487;3533217.7835870506;4111092.5
2020-10-13;15;3584089.9034568006;3680050.0875159125;4207440.5
2020-10-13;16;3643803.756768932;3847692.7149282307;4402248.0
2020-10-13;17;3790343.9941434464;4119556.5406311546;4665704.5
2020-10-13;18;3976424.2528532795;4417532.036833936;4867828.0
2020-10-13;19;4271457.6898602415;4787408.743110138;4968278.0
2020-10-13;20;4424231.171836156;4982114.850505364;4940438.5
2020-10-13;21;4563638.366045777;5106696.476604695;4708875.0
2020-10-13;22;4169053.063308457;4642052.1563433865;4365017.5
2020-10-13;23;3686749.0748938518;4087029.983256239;3970969.2
2020-10-13;24;3182163.6403892837;3489545.9286749274;3559260.8
2020-10-14;1;2738608.6961672697;2949813.776718484;3250051.5
2020-10-14;2;2460525.42435294;2620891.9409155264;2993476.8
2020-10-14;3;2317903.951940176;2496588.1017033416;2862744.5
2020-10-14;4;2247574.924970537;2501655.518493337;2872840.8
2020-10-14;5;2223590.3851643526;2577789.1911841086;3005968.0
2020-10-14;6;2282593.0513057467;2712982.8213138324;3263011.8
2020-10-14;7;2478418.990147457;2957322.1175042386;3568057.0
2020-10-14;8;2854936.0070199864;3304084.2819019733;3852255.5
2020-10-14;9;3452716.3452527886;3827593.6573188216;4058389.2
2020-10-14;10;3672903.3957662787;3970322.1716146767;4188707.2
2020-10-14;11;3710206.548407965;3962273.255405354;4212453.5
2020-10-14;12;3745742.3083080286;3990713.2351877335;4181898.0
2020-10-14;13;3603657.240296172;3885663.803246512;4119754.0
2020-10-14;14;3476235.451755797;3826526.499052877;4152391.8
2020-10-14;15;3543571.0395328444;3991090.866723218;4215531.5
2020-10-14;16;3595083.0957147395;4147542.24776728;4385830.5
2020-10-14;17;3736716.0518934564;4384013.310233272;4646580.0
2020-10-14;18;3921326.5217303205;4632684.235256868;4827462.0
2020-10-14;19;4218328.891247157;4952636.0487796925;4962392.5
2020-10-14;20;4376371.732071327;5109576.142140516;4910924.0
2020-10-14;21;4524078.502884647;5217320.0989812175;4711543.0
2020-10-14;22;4140433.5165470974;4759068.4038145775;4374296.5
2020-10-14;23;3671218.977428449;4228854.361960026;3965192.2
2020-10-14;24;3181299.326143138;3664086.321131169;3545812.0
2020-10-15;1;2753356.4057648345;3151928.679309008;3186640.5
2020-10-15;2;2491169.9297380988;2833847.677793775;2964062.5
2020-10-15;3;2364064.1125068627;2697194.47140845;2851407.2
2020-10-15;4;2308226.1477284143;2667643.8562445226;2853166.8
2020-10-15;5;2297112.92847615;2695272.9864506344;3009252.2
2020-10-15;6;2366844.123897517;2781740.329952927;3246155.8
2020-10-15;7;2570825.690673885;2992213.3422777564;3527807.5
2020-10-15;8;2952605.357667112;3332010.0858782027;3807274.5
2020-10-15;9;3552558.0245813313;3880709.9847907675;4024687.5
2020-10-15;10;3771760.2948340257;4077353.505219761;4147005.5
2020-10-15;11;3804987.9775957474;4140385.2933154963;4175688.2
2020-10-15;12;3833554.580869869;4240310.172649775;4137324.8
2020-10-15;13;3681926.4559730003;4189682.998042643;4075044.5
2020-10-15;14;3542817.596077246;4154532.996915925;4084465.8
2020-10-15;15;3596844.9908053707;4307092.314437217;4178537.8
2020-10-15;16;3634022.7745536338;4419356.192187243;4343585.0
2020-10-15;17;3760938.7338162083;4591547.90511451;4568674.0
2020-10-15;18;3931115.2328776605;4772785.81310181;4798693.5
2020-10-15;19;4214627.787647362;5039135.095572737;4927338.5
2020-10-15;20;4360754.387941571;5168546.293195011;4909930.5
2020-10-15;21;4498690.065517893;5278950.58113201;4705389.0
2020-10-15;22;4107908.68630047;4848532.993169533;4358449.5
2020-10-15;23;3634578.704204077;4358849.767145727;3969829.2
2020-10-15;24;3143829.9439341486;3831222.611340134;3564336.8
2020-10-16;1;2718475.6233806307;3338025.461233823;3215250.0
2020-10-16;2;2462284.632557351;3011751.4356657737;2967299.5
2020-10-16;3;2344425.2866105814;2839405.1580295786;2856623.0
2020-10-16;4;2300786.400086937;2755210.2784395744;2860870.5
2020-10-16;5;2304392.038078235;2724328.1395805283;2994741.2
2020-10-16;6;2390807.8191485433;2765724.015702719;3220214.5
2020-10-16;7;2612782.4156817286;2959071.2495370507;3490940.8
2020-10-16;8;3013125.1788376337;3317103.24346904;3806258.2
2020-10-16;9;3631417.060446096;3917396.7459143414;3989599.5
2020-10-16;10;3867913.153211165;4187865.1898988383;4127467.5
2020-10-16;11;3916569.6868573693;4329522.48668238;4167171.2
2020-10-16;12;3957912.441797832;4493676.306765572;4138303.5
2020-10-16;13;3815681.155420459;4476888.912715452;4088432.2
2020-10-16;14;3681951.8525194037;4436426.73840738;4079692.5
2020-10-16;15;3736816.9836668563;4544988.721558835;4158987.8
2020-10-16;16;3769900.6810694193;4583761.080792748;4307682.5
2020-10-16;17;3887551.8932289723;4668110.533985277;4565559.0
2020-10-16;18;4043216.8078526123;4764077.6305761635;4787171.5
2020-10-16;19;4307063.321419333;4962070.679797057;4920217.0
2020-10-16;20;4428630.381175316;5048468.656420242;4899793.0
2020-10-16;21;4537536.630521982;5142249.76523732;4691665.5
2020-10-16;22;4113830.4820786;4715926.274566018;4357358.5
2020-10-16;23;3604388.710307304;4241079.625022818;3973266.2
2020-10-16;24;3075161.183181146;3728070.936699561;3570251.0
2020-10-17;1;2609866.6751268557;3240484.423742727;3200964.0
2020-10-17;2;2313235.6646861043;2906265.346289903;2958610.2
2020-10-17;3;2155422.34551001;2712579.6927038683;2835228.0
2020-10-17;4;2073292.798633991;2597412.382620655;2814124.2
2020-10-17;5;2040806.8337422838;2531131.803305094;2962898.0
2020-10-17;6;2094392.5373241312;2536995.632368213;3199650.8
2020-10-17;7;2287558.306174709;2696344.625689106;3498247.8
2020-10-17;8;2663744.355738433;3020483.749247114;3758494.5
2020-10-17;9;3263011.82931814;3583367.2118938775;3984428.8
2020-10-17;10;3485928.640042345;3809008.232990957;4138328.2
2020-10-17;11;3526585.520803211;3896453.734242161;4160335.5
2020-10-17;12;3565459.6844893075;3998648.881233384;4125514.2
2020-10-17;13;3426060.8963667587;3917867.4879656164;4102101.0
2020-10-17;14;3300061.8931314033;3820169.0715269414;4106966.0
2020-10-17;15;3366992.809668624;3887911.399547865;4190657.0
2020-10-17;16;3415776.480439808;3910036.821854192;4356448.5
2020-10-17;17;3551946.7279474814;4005334.38756614;4579560.5
2020-10-17;18;3728050.213538355;4137658.905206953;4816496.5
2020-10-17;19;4013303.616989405;4389982.158423591;4938605.0
2020-10-17;20;4156277.8541515185;4537945.697471557;4901881.5
2020-10-17;21;4285642.560394933;4689472.863265644;4710570.5
2020-10-17;22;3880551.715303441;4308803.951041272;4366329.5
2020-10-17;23;3387076.24903278;3864257.57950854;3972489.0
2020-10-17;24;2870480.039099518;3368545.3114100667;3576786.8
2020-10-18;1;2413943.1121452777;2891942.384990998;3216169.0
2020-10-18;2;2121826.9491948;2570617.355418906;2934777.5
2020-10-18;3;1964103.276594377;2398002.008537041;2848540.2
2020-10-18;4;1877652.6332039163;2313337.5923933084;2830864.5
2020-10-18;5;1836649.7774646068;2281668.72079367;2950809.2
2020-10-18;6;1877934.7585158842;2314897.0442683757;3176129.0
2020-10-18;7;2055614.4557253057;2479654.101477513;3480527.8
2020-10-18;8;2413896.8427870125;2773346.247556596;3755498.2
2020-10-18;9;2993756.6027018996;3261347.109464325;3969092.8
2020-10-18;10;3196791.944282993;3367942.546677705;4119984.8
2020-10-18;11;3218207.0098957215;3302760.7656346224;4145004.0
2020-10-18;12;3239638.357452407;3238446.5581495813;4109481.0
2020-10-18;13;3085761.530018972;3002414.6937342416;4079484.5
2020-10-18;14;2949380.949828072;2786003.779583211;4106586.5
2020-10-18;15;3011084.1473995964;2791394.843472834;4170541.2
2020-10-18;16;3060738.5445277495;2817457.195372397;4336315.0
2020-10-18;17;3204674.212060047;2980876.4504373637;4587835.5
2020-10-18;18;3396054.3985165833;3232088.513243692;4803465.0
2020-10-18;19;3704506.687520148;3632681.374609465;4903469.0
2020-10-18;20;3878787.418153903;3934032.8657933967;4885382.5
2020-10-18;21;4047513.3221726026;4222412.792956788;4697132.0
2020-10-18;22;3689541.755606193;3947530.2428860418;4362988.0
2020-10-18;23;3250405.625171078;3572770.42122984;3963602.0
2020-10-18;24;2794599.42621964;3115487.229025345;3553360.0
2020-10-19;1;2404319.961183648;2657884.256417735;3194716.8
2020-10-19;2;2182756.1448531784;2351599.037516871;2934335.5
2020-10-19;3;2098548.555162041;2204996.2683416433;2798975.2
2020-10-19;4;2087124.0882279968;2168398.021022399;2787025.0
2020-10-19;5;2121121.6711845063;2212269.077821707;2949729.8
2020-10-19;6;2235806.604706469;2348183.2424504817;3169989.8
2020-10-19;7;2483716.986005629;2637999.845191382;3453402.2
2020-10-19;8;2907543.057895912;3071890.1950722137;3747090.2
2020-10-19;9;3546836.688986118;3707367.4913510317;3966001.2
2020-10-19;10;3801909.450389287;3961288.443339869;4103062.0
2020-10-19;11;3866852.374915904;4036323.9193598577;4149983.0
2020-10-19;12;3922394.702376082;4097891.269902757;4136852.2
2020-10-19;13;3792536.607991097;3964983.736335455;4081378.2
2020-10-19;14;3669658.3306469615;3818948.178090552;4085724.2
2020-10-19;15;3734186.1146450713;3851143.0456551462;4185550.0
2020-10-19;16;3776092.8289603563;3850798.0415725014;4348023.0
2020-10-19;17;3902076.5836841986;3929066.4489249783;4561793.5
2020-10-19;18;4065919.29472332;4037971.8366962965;4800801.0
2020-10-19;19;4338098.46026885;4249862.754126648;4926731.5
2020-10-19;20;4468425.425158498;4336202.062501752;4885387.5
2020-10-19;21;4586744.943654303;4410415.742960306;4696610.5
2020-10-19;22;4173278.460419995;3951938.4478068636;4362968.5
2020-10-19;23;3675018.403009382;3450551.4198288117;3950152.8
2020-10-19;24;3157971.2062468794;2940748.419170098;3568780.0
2020-10-20;1;2705854.0084752;2508202.0331808;3220576.8
2020-10-20;2;2423340.8189392667;2292730.1224734047;2926193.0
2020-10-20;3;2280480.1838725456;2277417.66284116;2799442.2
2020-10-20;4;2213991.0099781826;2378913.629246844;2805250.2
2020-10-20;5;2197653.687479247;2532861.405966999;2929281.8
2020-10-20;6;2267695.123580737;2722620.6218416323;3174933.2
2020-10-20;7;2477411.9932272;2994851.5927707236;3485974.0
2020-10-20;8;2870033.6992198727;3341035.1679392164;3759142.0
2020-10-20;9;3485422.663992365;3836217.524682786;3991661.5
2020-10-20;10;3723970.5946977455;3927015.722702742;4117352.5
2020-10-20;11;3779623.739305383;3851362.2420597523;4145814.8
2020-10-20;12;3832754.129233717;3807616.023024404;4112993.2
2020-10-20;13;3706811.2703526462;3638336.3345977417;4054712.0
2020-10-20;14;3593455.957183572;3534379.7729443144;4074624.2
2020-10-20;15;3672255.7024671887;3681212.076873175;4167640.5
2020-10-20;16;3732218.578061835;3848854.7042854927;4332288.5
2020-10-20;17;3879007.6099470835;4120718.5299884183;4542833.0
2020-10-20;18;4065336.4337238194;4418694.026191199;4766314.0
2020-10-20;19;4360618.204682156;4788570.732467399;4904561.5
2020-10-20;20;4513639.7878225865;4983276.839862626;4867806.5
2020-10-20;21;4653294.848738851;5107858.465961956;4659012.5
2020-10-20;22;4258957.1765798135;4643214.145700647;4353085.5
2020-10-20;23;3776900.580944977;4088191.972613498;3931476.0
2020-10-20;24;3272562.299751968;3490707.918032186;3520013.2
2020-10-21;1;2829254.267704069;2950975.766075744;3157199.8
2020-10-21;2;2551417.6652577105;2622053.9302727855;2913199.5
2020-10-21;3;2409042.6177383163;2497750.0910606;2773271.0
2020-10-21;4;2338959.769519969;2502817.5078505957;2768713.5
2020-10-21;5;2315221.160655495;2578951.1805413673;2939072.8
2020-10-21;6;2374469.5082626385;2714144.81067109;3164099.5
2020-10-21;7;2570540.8774277675;2958484.1068614963;3453574.2
2020-10-21;8;2947303.071816076;3305246.271259229;3740641.2
2020-10-21;9;3545328.3330920893;3828755.64667608;3963770.8
2020-10-21;10;3765760.05051192;3971484.160971935;4118210.2
2020-10-21;11;3803307.612259464;3963435.244762611;4125986.5
2020-10-21;12;3839087.521801948;3991875.2245449917;4086333.8
2020-10-21;13;3697246.3423068137;3886825.7926037693;4028385.8
2020-10-21;14;3570068.1794958413;3827688.488410136;4054076.2
2020-10-21;15;3637647.128554197;3992252.856080476;4150864.2
2020-10-21;16;3689402.279909149;4148704.2371245376;4344893.5
2020-10-21;17;3831278.0634932886;4385175.299590528;4545420.5
2020-10-21;18;4016131.091309471;4633846.224614123;4773451.5
2020-10-21;19;4313375.7477216385;4953798.038136949;4869396.0
2020-10-21;20;4471660.602700333;5110738.1314977715;4839145.0
2020-10-21;21;4619609.113271065;5218482.088338474;4654097.0
2020-10-21;22;4236205.590638668;4760230.393171834;4346450.5
2020-10-21;23;3767232.2375184735;4230016.351317284;3923667.2
2020-10-21;24;3277553.49287137;3665248.310488426;3496668.8
2020-10-22;1;2849851.198118558;3153090.6686662664;3157056.0
2020-10-22;2;2587905.0650527608;2835009.667151032;2905306.8
2020-10-22;3;2461039.306467309;2698356.4607657082;2781019.0
2020-10-22;4;2405441.114369689;2668805.84560178;2762543.2
2020-10-22;5;2394567.380184546;2696434.9758078926;2914207.5
2020-10-22;6;2464537.771411495;2782902.319310184;3165835.8
2020-10-22;7;2668758.2430852377;2993375.3316350123;3473132.5
2020-10-22;8;3050776.5224218713;3333172.075235458;3729370.2
2020-10-22;9;3650967.5074809035;3881871.974148024;3922484.0
2020-10-22;10;3870407.800036251;4078515.4945770167;4073266.5
2020-10-22;11;3903873.2076159725;4141547.2826727517;4096693.2
2020-10-22;12;3932677.236582168;4241472.162007031;4050948.0
2020-10-22;13;3781286.2366111632;4190844.987399899;4022886.0
2020-10-22;14;3642414.199236002;4155694.98627318;4035202.2
2020-10-22;15;3696678.1124415686;4308254.303794472;4156217.5
2020-10-22;16;3734092.108987385;4420518.181544497;4328308.0
2020-10-22;17;3861243.973732249;4592709.894471765;4558125.5
2020-10-22;18;4031656.069326357;4773947.802459064;4771871.5
2020-10-22;19;4315403.910046121;5040297.0849299915;4895167.5
2020-10-22;20;4461765.4840760315;5169708.282552265;4861333.0
2020-10-22;21;4599935.821543251;5280112.570489265;4627659.5
2020-10-22;22;4209388.786742765;4849694.9825267885;4317261.0
2020-10-22;23;3736292.83196151;4360011.756502981;3896368.5
2020-10-22;24;3245777.7802784336;3832384.60069739;3483695.0
2020-10-23;1;2820656.847958317;3339187.450591078;3152581.0
2020-10-23;2;2564698.923391296;3012913.4250230286;2892709.0
2020-10-23;3;2447072.320101265;2840567.1473868345;2749177.2
2020-10-23;4;2403665.8510138923;2756372.26779683;2748583.2
2020-10-23;5;2407503.579601538;2725490.128937784;2890965.8
2020-10-23;6;2494151.122810114;2766886.005059975;3136626.8
2020-10-23;7;2716357.151407076;2960233.238894306;3434372.0
2020-10-23;8;3116931.014936974;3318265.2328262967;3711517.0
2020-10-23;9;3735453.6636162163;3918558.735271599;3931207.2
2020-10-23;10;3972180.1885367665;4189027.1792560937;4063835.2
2020-10-23;11;4021066.817812642;4330684.476039637;4091269.2
2020-10-23;12;4062639.3302480527;4494838.2961228285;4085416.5
2020-10-23;13;3920637.461623542;4478050.902072708;4020984.8
2020-10-23;14;3787137.2351275114;4437588.727764637;4020284.8
2020-10-23;15;3842231.0997280166;4546150.710916092;4099996.5
2020-10-23;16;3875543.1860291455;4584923.070150004;4255140.5
2020-10-23;17;3993422.4409320573;4669272.523342533;4511832.0
2020-10-23;18;4149315.050544529;4765239.619933419;4748925.5
2020-10-23;19;4413388.909748171;4963232.669154313;4880185.5
2020-10-23;20;4535182.964193496;5049630.645777498;4864364.5
2020-10-23;21;4644315.855687931;5143411.7545945775;4674900.5
2020-10-23;22;4220835.995258408;4717088.263923273;4335210.5
2020-10-23;23;3711620.155776442;4242241.6143800765;3914435.8
2020-10-23;24;3182618.203626642;3729232.926056818;3496930.0
2020-10-24;1;2717548.911648652;3241646.413099985;3126525.8
2020-10-24;2;2421142.756799129;2907427.3356471593;2848872.0
2020-10-24;3;2263553.9311458613;2713741.682061125;2720512.5
2020-10-24;4;2181648.5141432183;2598574.371977912;2732150.2
2020-10-24;5;2149386.313895612;2532293.792662352;2878152.2
2020-10-24;6;2203195.415314869;2538157.6217254703;3141611.0
2020-10-24;7;2396584.2136204247;2697506.6150463643;3409029.2
2020-10-24;8;2772992.922682968;3021645.7386043733;3685486.8
2020-10-24;9;3372482.6842336124;3584529.201251136;3901684.8
2020-10-24;10;3595621.409831031;3810170.2223482137;4057980.8
2020-10-24;11;3636499.830799475;3897615.72359942;4086753.0
2020-10-24;12;3675595.158461852;3999810.870590642;4036931.0
2020-10-24;13;3536417.156520423;3919029.4773228727;3996769.5
2020-10-24;14;3410638.5601092917;3821331.060884198;4001964.2
2020-10-24;15;3477789.502554168;3889073.388905122;4081079.2
2020-10-24;16;3526792.816758935;3911198.8112114514;4285212.5
2020-10-24;17;3663182.323670462;4006496.3769234;4514265.5
2020-10-24;18;3839504.683082149;4138820.894564213;4725988.0
2020-10-24;19;4124976.5732197464;4391144.147780851;4852238.5
2020-10-24;20;4268168.908384982;4539107.686828818;4842624.5
2020-10-24;21;4397751.322401367;4690634.852622907;4647349.5
2020-10-24;22;3992877.793307736;4309965.940398537;4322462.0
2020-10-24;23;3499619.249717467;3865419.5688658026;3898016.0
2020-10-24;24;2983239.5676068314;3369707.3007673295;3474653.2
2020-10-25;1;2526918.772079354;2893104.3743482605;3116213.8
2020-10-25;2;2235018.3426240124;2571779.3447761675;2844675.5
2020-10-25;3;2077510.0040535226;2399163.9978943025;2716336.2
2020-10-25;4;1991274.2936968238;2314499.581750569;2706502.5
2020-10-25;5;1950485.9684659857;2282830.7101509315;2845087.0
2020-10-25;6;1991985.075973976;2316059.0336256367;3089564.2
2020-10-25;7;2169878.4940640773;2480816.090834775;3405080.5
2020-10-25;8;2528374.194908853;2774508.236913856;3674602.5
2020-10-25;9;3108446.8599895523;3262509.098821585;3898353.2
2020-10-25;10;3311694.696602126;3369104.536034965;4054388.0
2020-10-25;11;3333321.845597527;3303922.754991882;4071703.8
2020-10-25;12;3354964.863375925;3239608.5475068414;4029777.2
2020-10-25;13;3201299.2914934335;3003576.6830915017;4001695.8
2020-10-25;14;3065129.5506754946;2787165.768940471;4004676.0
2020-10-25;15;3127043.1699373913;2792556.832830095;4132256.0
2020-10-25;16;3176907.56957096;2818619.184729658;4318205.5
2020-10-25;17;3321052.818924132;2982038.4397946275;4538367.5
2020-10-25;18;3512642.1650198363;3233250.502600955;4751824.5
2020-10-25;19;3821303.1899863714;3633843.3639667286;4870795.5
2020-10-25;20;3995792.2314146855;3935194.8551506614;4817523.0
2020-10-25;21;4164726.0195703614;4223574.782314051;4597376.0
2020-10-25;22;3806961.908996522;3948692.232243305;4282749.0
2020-10-25;23;3368032.8049255814;3573932.410587103;3889379.8
2020-10-25;24;2912433.201228036;3116649.218382608;3487793.8
2020-10-26;1;2522359.8988572783;2659046.2457749983;3124840.0
2020-10-26;2;2301001.811127101;2352761.026874133;2868507.0
2020-10-26;3;2216999.514498112;2206158.2576989057;2721392.2
2020-10-26;4;2205779.9036169117;2169560.0103796623;2691340.2
2020-10-26;5;2239981.904149472;2213431.067178971;2849563.2
2020-10-26;6;2354870.8153053764;2349345.2318077455;3095213.2
2020-10-26;7;2602984.732834089;2639161.8345486457;3393200.8
2020-10-26;8;3027013.898089574;3073052.184429478;3651879.5
2020-10-26;9;3666510.178224193;3708529.4807082964;3891798.0
2020-10-26;10;3921785.142896892;3962450.4326971318;4030914.0
2020-10-26;11;3986929.823467072;4037485.908717122;4057423.2
2020-10-26;12;4042673.4582965337;4099053.259260021;4014058.0
2020-10-26;13;3913016.2211612514;3966145.7256927188;3986669.2
2020-10-26;14;3790338.349504674;3820110.167447816;3997790.0
2020-10-26;15;3855066.0861887126;3852305.035012412;4119779.0
2020-10-26;16;3897172.2987516383;3851960.030929765;4322788.0
2020-10-26;17;4023355.0958511536;3930228.438282243;4567151.5
2020-10-26;18;4187396.391963276;4039133.8260535593;4766760.5
2020-10-26;19;4459773.68385136;4251024.743483911;4872217.5
2020-10-26;20;4590298.314928529;4337364.051859015;4831896.5
2020-10-26;21;4708815.038034918;4411577.732317568;4624604.0
2020-10-26;22;4295545.296415709;3953100.437164125;4288765.0
2020-10-26;23;3797481.516208976;3451713.409186073;3871045.5
2020-10-26;24;3280630.1308267536;2941910.40852736;3460483.0
2020-10-27;1;2828708.277202137;2509364.0225380603;3118242.0
2020-10-27;2;2546389.963173695;2293892.1118306667;2863048.0
2020-10-27;3;2403723.7335716817;2278579.6521984213;2732557.8
2020-10-27;4;2337428.4936991567;2380075.618604105;2683724.8
2020-10-27;5;2321284.6323821577;2534023.3953242605;2846109.8
2020-10-27;6;2391519.055431921;2723782.6111988933;3091756.2
2020-10-27;7;2601428.43640238;2996013.582127985;3391598.8
2020-10-27;8;2994242.1767073125;3342197.1572964764;3667949.2
2020-10-27;9;3609822.6973962663;3837379.5140400482;3910221.0
2020-10-27;10;3848561.704241305;3928177.712060003;4027071.5
2020-10-27;11;3904405.443834116;3852524.231417015;4072188.8
2020-10-27;12;3957725.946218702;3808778.0123816654;4012586.0
2020-10-27;13;3831972.715893716;3639498.3239550036;4008118.2
2020-10-27;14;3718806.5460129264;3535541.7623015763;4014316.0
2020-10-27;15;3797794.947952367;3682374.0662304396;4113066.2
2020-10-27;16;3857945.992209145;3850016.6936427564;4290840.5
2020-10-27;17;4004922.7034051004;4121880.51934568;4559804.5
2020-10-27;18;4191438.71578662;4419856.015548461;4740949.0
2020-10-27;19;4486907.183292755;4789732.72182466;4855946.0
2020-10-27;20;4640114.969576243;4984438.829219885;4841769.5
2020-10-27;21;4779955.73888664;5109020.4553192165;4607205.0
2020-10-27;22;4385803.279031931;4644376.135057907;4258501.5
2020-10-27;23;3903931.3982741977;4089353.9619707568;3859189.0
2020-10-27;24;3399777.333197265;3491869.9073894457;3449201.8
2020-10-28;1;2956653.0171738006;2952137.7554330025;3103268.8
2020-10-28;2;2678999.6293335026;2623215.919630044;2854487.8
2020-10-28;3;2536807.293678103;2498912.08041786;2687079.2
2020-10-28;4;2466906.653262022;2503979.497207853;2676124.5
2020-10-28;5;2443349.7468216945;2580113.1698986245;2826890.5
2020-10-28;6;2502779.2901618704;2715306.8000283465;3067741.8
2020-10-28;7;2699031.347059953;2959646.0962187517;3381192.0
2020-10-28;8;3075973.7198753627;3306408.260616487;3657120.5
2020-10-28;9;3674178.648970622;3829917.6360333376;3897940.0
2020-10-28;10;3894789.522303463;3972646.1503291917;4028706.8
2020-10-28;11;3932515.726763023;3964597.234119869;4026465.5
2020-10-28;12;3968473.7645254238;3993037.2139022495;4026615.0
2020-10-28;13;3826810.197470749;3887987.781961028;3964275.0
2020-10-28;14;3699809.1300369436;3828850.477767394;3976498.8
2020-10-28;15;3767564.656129194;3993414.845437734;4075381.8
2020-10-28;16;3819495.8648984237;4149866.226481794;4262181.0
2020-10-28;17;3961547.185004672;4386337.288947783;4520902.5
2020-10-28;18;4146575.2271818887;4635008.213971379;4715578.0
2020-10-28;19;4443994.374529062;4954960.027494203;4827314.5
2020-10-28;20;4602453.195755252;5111900.120855028;4802947.0
2020-10-28;21;4750575.146628646;5219644.077695729;4604454.0
2020-10-28;22;4367344.537100326;4761392.38252909;4247629.0
2020-10-28;23;3898543.5686358325;4231178.34067454;3812993.5
2020-10-28;24;3409036.6789498287;3666410.299845683;3429610.8
2020-10-29;1;2981505.708221602;3154252.6580235227;3077939.5
2020-10-29;2;2719730.367005413;2836171.656508289;2833757.0
2020-10-29;3;2593034.866860252;2699518.450122965;2696642.0
2020-10-29;4;2537606.398563076;2669967.8349590357;2676940.2
2020-10-29;5;2526901.852311933;2697596.965165149;2809782.5
2020-10-29;6;2597040.8943838403;2784064.30866744;3067718.8
2020-10-29;7;2801429.478594701;2994537.3209922686;3387723.2
2020-10-29;8;3183615.330945955;3334334.0645927144;3667487.5
2020-10-29;9;3783973.348286278;3883033.96350528;3885635.8
2020-10-29;10;4003580.131182806;4079677.4839342725;3997903.0
2020-10-29;11;4037211.485960837;4142709.272030008;4023713.0
2020-10-29;12;4066180.9177836883;4242634.151364286;3970768.5
2020-10-29;13;3914954.775132996;4192006.976757154;3917278.0
2020-10-29;14;3776247.0483511095;4156856.9756304338;3952141.0
2020-10-29;15;3830674.7242362974;4309416.293151724;4095587.2
2020-10-29;16;3868251.934365633;4421680.17090175;4236629.5
2020-10-29;17;3995566.46241936;4593871.883829016;4479974.5
2020-10-29;18;4166140.669873422;4775109.791816317;4673753.0
2020-10-29;19;4450050.069833988;5041459.074287243;4790540.5
2020-10-29;20;4596572.64931952;5170870.271909518;4748903.0
2020-10-29;21;4734903.437295229;5281274.559846519;4568822.0
2020-10-29;22;4344516.296898359;4850856.971884041;4214513.0
2020-10-29;23;3871579.679262315;4361173.745860237;3804311.8
2020-10-29;24;3381223.4063165793;3833546.590054644;3397137.8
2020-10-30;1;2956260.693180826;3340349.439948334;3058052.8
2020-10-30;2;2700460.427104225;3014075.4143802836;2795916.5
2020-10-30;3;2582990.9204740003;2841729.136744091;2660771.8
2020-10-30;4;2539740.98508324;2757534.2571540857;2675569.2
2020-10-30;5;2543734.683276184;2726652.1182950395;2827519.8
2020-10-30;6;2630537.630874891;2768047.99441723;3049780.5
2020-10-30;7;2852898.497527061;2961395.228251563;3338373.5
2020-10-30;8;3253626.631662013;3319427.222183553;3666211.5
2020-10-30;9;3872302.982385116;3919720.7246288564;3861118.2
2020-10-30;10;4109182.639681682;4190189.1686133514;3974644.8
2020-10-30;11;4158221.8305633883;4331846.465396894;4017547.8
2020-10-30;12;4199946.3327364605;4496000.285480085;3977339.5
2020-10-30;13;4058095.8808878874;4479212.8914299635;3938211.5
2020-10-30;14;3924746.4971168633;4438750.717121894;3949630.8
2020-10-30;15;3979990.6293066214;4547312.700273347;4045104.8
2020-10-30;16;4013452.4069809774;4586085.059507259;4215491.0
2020-10-30;17;4131480.7759649367;4670434.51269979;4460398.5
2020-10-30;18;4287521.921294918;4766401.609290675;4675494.0
2020-10-30;19;4551743.73678548;4964394.658511572;4791272.5
2020-10-30;20;4673685.167024434;5050792.635134757;4759570.5
2020-10-30;21;4782964.8527610805;5144573.743951835;4572924.0
2020-10-30;22;4359631.203968938;4718250.253280532;4245691.0
2020-10-30;23;3850560.992470088;4243403.603737334;3829517.8
2020-10-30;24;3321704.083604952;3730394.915414075;3404342.5
2020-10-31;1;2856779.249172839;3242808.4024572414;3052186.8
2020-10-31;2;2560516.965094977;2908589.325004416;2782298.2
2020-10-31;3;2403071.4224082525;2714903.671418382;2645314.5
2020-10-31;4;2321308.6995405224;2599736.3613351686;2658221.0
2020-10-31;5;2289188.603574564;2533455.782019609;2797133.8
2020-10-31;6;2343139.218404856;2539319.611082729;3039902.5
2020-10-31;7;2536668.9382384242;2698668.604403621;3333173.0
2020-10-31;8;2913217.975937942;3022807.727961632;3612349.0
2020-10-31;9;3512847.472231123;3585691.190608395;3834127.0
2020-10-31;10;3736125.33767807;3811332.2117054733;3978082.2
2020-10-31;11;3777142.3026089533;3898777.7129566777;3995927.5
2020-10-31;12;3816375.5773573588;4000972.8599479;3957766.0
2020-10-31;13;3677334.9246409023;3920191.4666801305;3923195.8
2020-10-31;14;3551693.0786137306;3822493.0502414564;3962064.2
2020-10-31;15;3618980.171626322;3890235.378262381;4083057.5
2020-10-31;16;3668119.035611949;3912360.8005687115;4238092.5
2020-10-31;17;3804643.490551847;4007658.36628066;4500533.0
2020-10-31;18;3981100.1952783163;4139982.8839214738;4688369.0
2020-10-31;19;4266705.827060858;4392306.137138113;4763972.0
2020-10-31;20;4410031.299249566;4540269.676186082;4762050.0
2020-10-31;21;4539746.244721425;4691796.841980168;4570885.5
2020-10-31;22;4135004.64057312;4311127.929755799;4233084.5
2020-10-31;23;3641877.4144811146;3866581.5582230655;3794937.2
2020-10-31;24;3125628.441489232;3370869.290124592;3391614.5
